PAIS,DELITO,VAR,POBLACION,AÑO,AÑO_Date,NUM,LOCATION
Bolivia,DELITOS SEXUALES,CASOS,,2008,01/01/2008 12:00:00 AM,2117,"(-17.0, -65.0)"
Bolivia,HOMICIDIOS TOTALES,CASOS,,2008,01/01/2008 12:00:00 AM,810,"(-17.0, -65.0)"
Bolivia,HURTO,CASOS,,2008,01/01/2008 12:00:00 AM,5017,"(-17.0, -65.0)"
Bolivia,MUERTES POR LESIONES DE TRÁNSITO TOTALES,CASOS,,2008,01/01/2008 12:00:00 AM,1248,"(-17.0, -65.0)"
Bolivia,ROBO,CASOS,,2008,01/01/2008 12:00:00 AM,14267,"(-17.0, -65.0)"
Bolivia,ROBO AUTOS,CASOS,842857,2008,01/01/2008 12:00:00 AM,3153,"(-17.0, -65.0)"
Bolivia,ROBO AUTOS,TASA BRUTA,842857,2008,01/01/2008 12:00:00 AM,37.409999999999997,"(-17.0, -65.0)"
Bolivia,SECUESTROS,CASOS,,2008,01/01/2008 12:00:00 AM,125,"(-17.0, -65.0)"
Bolivia,SUICIDIOS,CASOS,,2008,01/01/2008 12:00:00 AM,256,"(-17.0, -65.0)"
Bolivia,VIOLENCIA INTRAFAMILIAR,CASOS,,2008,01/01/2008 12:00:00 AM,47445,"(-17.0, -65.0)"
Chile,DELITOS SEXUALES,CASOS,16763470,2008,01/01/2008 12:00:00 AM,12666,"(-30.0, -71.0)"
Chile,DELITOS SEXUALES,TASA BRUTA,16763470,2008,01/01/2008 12:00:00 AM,75.56,"(-30.0, -71.0)"
Chile,HOMICIDIOS TOTALES,CASOS,16763470,2008,01/01/2008 12:00:00 AM,526,"(-30.0, -71.0)"
Chile,HOMICIDIOS TOTALES,TASA BRUTA,16763470,2008,01/01/2008 12:00:00 AM,3.14,"(-30.0, -71.0)"
Chile,HOMICIDIOS TOTALES,TASA INDIRECTA,16763470,2008,01/01/2008 12:00:00 AM,2.95,"(-30.0, -71.0)"
Chile,HURTO,CASOS,16763470,2008,01/01/2008 12:00:00 AM,175653,"(-30.0, -71.0)"
Chile,HURTO,TASA BRUTA,16763470,2008,01/01/2008 12:00:00 AM,1047.83,"(-30.0, -71.0)"
Chile,MALTRATO DE NIÑOS NIÑAS ADOLESCENTES,CASOS,4797480,2008,01/01/2008 12:00:00 AM,5405,"(-30.0, -71.0)"
Chile,MALTRATO DE NIÑOS NIÑAS ADOLESCENTES,TASA BRUTA,4797480,2008,01/01/2008 12:00:00 AM,1.13,"(-30.0, -71.0)"
Chile,MUERTES POR ARMA DE FUEGO TOTALES,TASA INDIRECTA,16763470,2008,01/01/2008 12:00:00 AM,2.41,"(-30.0, -71.0)"
Chile,MUERTES POR ARMA DE FUEGO TOTALES,CASOS,16763470,2008,01/01/2008 12:00:00 AM,430,"(-30.0, -71.0)"
Chile,MUERTES POR ARMA DE FUEGO TOTALES,TASA BRUTA,16763470,2008,01/01/2008 12:00:00 AM,2.57,"(-30.0, -71.0)"
Chile,MUERTES POR LESIONES DE TRÁNSITO TOTALES,TASA BRUTA,16763470,2008,01/01/2008 12:00:00 AM,13.92,"(-30.0, -71.0)"
Chile,MUERTES POR LESIONES DE TRÁNSITO TOTALES,TASA INDIRECTA,16763470,2008,01/01/2008 12:00:00 AM,14.07,"(-30.0, -71.0)"
Chile,MUERTES POR LESIONES DE TRÁNSITO TOTALES,CASOS,16763470,2008,01/01/2008 12:00:00 AM,2334,"(-30.0, -71.0)"
Chile,ROBO,TASA BRUTA,16763470,2008,01/01/2008 12:00:00 AM,534.69000000000005,"(-30.0, -71.0)"
Chile,ROBO,CASOS,16763470,2008,01/01/2008 12:00:00 AM,89633,"(-30.0, -71.0)"
Chile,ROBO AUTOS,CASOS,2938154,2008,01/01/2008 12:00:00 AM,21422,"(-30.0, -71.0)"
Chile,ROBO AUTOS,TASA BRUTA,2938154,2008,01/01/2008 12:00:00 AM,72.91,"(-30.0, -71.0)"
Chile,SECUESTROS,CASOS,16763470,2008,01/01/2008 12:00:00 AM,266,"(-30.0, -71.0)"
Chile,SECUESTROS,TASA INDIRECTA,16763470,2008,01/01/2008 12:00:00 AM,1.44,"(-30.0, -71.0)"
Chile,SECUESTROS,TASA BRUTA,16763470,2008,01/01/2008 12:00:00 AM,1.59,"(-30.0, -71.0)"
Chile,SUICIDIOS,TASA INDIRECTA,15519490,2008,01/01/2008 12:00:00 AM,14.65,"(-30.0, -71.0)"
Chile,SUICIDIOS,CASOS,15519490,2008,01/01/2008 12:00:00 AM,2167,"(-30.0, -71.0)"
Chile,SUICIDIOS,TASA BRUTA,15519490,2008,01/01/2008 12:00:00 AM,13.96,"(-30.0, -71.0)"
Chile,VIOLENCIA INTRAFAMILIAR,TASA BRUTA,16763470,2008,01/01/2008 12:00:00 AM,798.87,"(-30.0, -71.0)"
Chile,VIOLENCIA INTRAFAMILIAR,CASOS,16763470,2008,01/01/2008 12:00:00 AM,133918,"(-30.0, -71.0)"
Colombia,DELITOS SEXUALES,TASA BRUTA,44451147,2008,01/01/2008 12:00:00 AM,47,"(4.0, -72.0)"
Colombia,DELITOS SEXUALES,CASOS,44451147,2008,01/01/2008 12:00:00 AM,20890,"(4.0, -72.0)"
Colombia,HOMICIDIOS TOTALES,CASOS,44451147,2008,01/01/2008 12:00:00 AM,16140,"(4.0, -72.0)"
Colombia,HOMICIDIOS TOTALES,TASA INDIRECTA,44451147,2008,01/01/2008 12:00:00 AM,34.18,"(4.0, -72.0)"
Colombia,HOMICIDIOS TOTALES,TASA BRUTA,44451147,2008,01/01/2008 12:00:00 AM,36.31,"(4.0, -72.0)"
Colombia,HURTO,CASOS,44451147,2008,01/01/2008 12:00:00 AM,84852,"(4.0, -72.0)"
Colombia,HURTO,TASA BRUTA,44451147,2008,01/01/2008 12:00:00 AM,190.89,"(4.0, -72.0)"
Colombia,MUERTES POR ARMA DE FUEGO TOTALES,CASOS,44451147,2008,01/01/2008 12:00:00 AM,11389,"(4.0, -72.0)"
Colombia,MUERTES POR ARMA DE FUEGO TOTALES,TASA BRUTA,44451147,2008,01/01/2008 12:00:00 AM,25.62,"(4.0, -72.0)"
Colombia,MUERTES POR ARMA DE FUEGO TOTALES,TASA INDIRECTA,44451147,2008,01/01/2008 12:00:00 AM,24.12,"(4.0, -72.0)"
Colombia,MUERTES POR LESIONES DE TRÁNSITO TOTALES,TASA BRUTA,44451147,2008,01/01/2008 12:00:00 AM,11.84,"(4.0, -72.0)"
Colombia,MUERTES POR LESIONES DE TRÁNSITO TOTALES,TASA INDIRECTA,44451147,2008,01/01/2008 12:00:00 AM,12.54,"(4.0, -72.0)"
Colombia,MUERTES POR LESIONES DE TRÁNSITO TOTALES,CASOS,44451147,2008,01/01/2008 12:00:00 AM,5264,"(4.0, -72.0)"
Colombia,ROBO,CASOS,44451147,2008,01/01/2008 12:00:00 AM,65625,"(4.0, -72.0)"
Colombia,ROBO,TASA BRUTA,44451147,2008,01/01/2008 12:00:00 AM,147.63,"(4.0, -72.0)"
Colombia,SECUESTROS,TASA INDIRECTA,44451147,2008,01/01/2008 12:00:00 AM,0.44,"(4.0, -72.0)"
Colombia,SECUESTROS,CASOS,44451147,2008,01/01/2008 12:00:00 AM,197,"(4.0, -72.0)"
Colombia,SECUESTROS,TASA BRUTA,44451147,2008,01/01/2008 12:00:00 AM,0.44,"(4.0, -72.0)"
Colombia,SUICIDIOS,TASA BRUTA,40166333,2008,01/01/2008 12:00:00 AM,4.6,"(4.0, -72.0)"
Colombia,SUICIDIOS,TASA INDIRECTA,40166333,2008,01/01/2008 12:00:00 AM,5.23,"(4.0, -72.0)"
Colombia,SUICIDIOS,CASOS,40166333,2008,01/01/2008 12:00:00 AM,1847,"(4.0, -72.0)"
Colombia,VIOLENCIA INTRAFAMILIAR,CASOS,44451147,2008,01/01/2008 12:00:00 AM,56379,"(4.0, -72.0)"
Colombia,VIOLENCIA INTRAFAMILIAR,TASA BRUTA,44451147,2008,01/01/2008 12:00:00 AM,126.83,"(4.0, -72.0)"
Costa Rica,DELITOS SEXUALES,TASA BRUTA,4404090,2008,01/01/2008 12:00:00 AM,128.06,"(10.0, -84.0)"
Costa Rica,DELITOS SEXUALES,CASOS,4404090,2008,01/01/2008 12:00:00 AM,5640,"(10.0, -84.0)"
Costa Rica,HOMICIDIOS TOTALES,TASA BRUTA,4404090,2008,01/01/2008 12:00:00 AM,11.63,"(10.0, -84.0)"
Costa Rica,HOMICIDIOS TOTALES,TASA INDIRECTA,4404090,2008,01/01/2008 12:00:00 AM,10.41,"(10.0, -84.0)"
Costa Rica,HOMICIDIOS TOTALES,CASOS,4404090,2008,01/01/2008 12:00:00 AM,512,"(10.0, -84.0)"
Costa Rica,HURTO,CASOS,4404090,2008,01/01/2008 12:00:00 AM,13719,"(10.0, -84.0)"
Costa Rica,HURTO,TASA BRUTA,4404090,2008,01/01/2008 12:00:00 AM,311.51,"(10.0, -84.0)"
Costa Rica,MUERTES POR ARMA DE FUEGO TOTALES,CASOS,4404090,2008,01/01/2008 12:00:00 AM,406,"(10.0, -84.0)"
Costa Rica,MUERTES POR ARMA DE FUEGO TOTALES,TASA BRUTA,4404090,2008,01/01/2008 12:00:00 AM,9.220000000000001,"(10.0, -84.0)"
Costa Rica,MUERTES POR ARMA DE FUEGO TOTALES,TASA INDIRECTA,4404090,2008,01/01/2008 12:00:00 AM,8.25,"(10.0, -84.0)"
Costa Rica,MUERTES POR LESIONES DE TRÁNSITO TOTALES,TASA BRUTA,4404090,2008,01/01/2008 12:00:00 AM,17.05,"(10.0, -84.0)"
Costa Rica,MUERTES POR LESIONES DE TRÁNSITO TOTALES,TASA INDIRECTA,4404090,2008,01/01/2008 12:00:00 AM,17.36,"(10.0, -84.0)"
Costa Rica,MUERTES POR LESIONES DE TRÁNSITO TOTALES,CASOS,4404090,2008,01/01/2008 12:00:00 AM,751,"(10.0, -84.0)"
Costa Rica,ROBO,CASOS,4404090,2008,01/01/2008 12:00:00 AM,40707,"(10.0, -84.0)"
Costa Rica,ROBO,TASA BRUTA,4404090,2008,01/01/2008 12:00:00 AM,924.3,"(10.0, -84.0)"
Costa Rica,ROBO AUTOS,CASOS,,2008,01/01/2008 12:00:00 AM,6492,"(10.0, -84.0)"
Costa Rica,SECUESTROS,CASOS,4404090,2008,01/01/2008 12:00:00 AM,8,"(10.0, -84.0)"
Costa Rica,SECUESTROS,TASA INDIRECTA,4404090,2008,01/01/2008 12:00:00 AM,0.17,"(10.0, -84.0)"
Costa Rica,SECUESTROS,TASA BRUTA,4404090,2008,01/01/2008 12:00:00 AM,0.18,"(10.0, -84.0)"
Costa Rica,SUICIDIOS,TASA INDIRECTA,4044952,2008,01/01/2008 12:00:00 AM,8.279999999999999,"(10.0, -84.0)"
Costa Rica,SUICIDIOS,TASA BRUTA,4044952,2008,01/01/2008 12:00:00 AM,7.52,"(10.0, -84.0)"
Costa Rica,SUICIDIOS,CASOS,4044952,2008,01/01/2008 12:00:00 AM,304,"(10.0, -84.0)"
Costa Rica,VIOLENCIA INTRAFAMILIAR,TASA BRUTA,4404090,2008,01/01/2008 12:00:00 AM,1044.76,"(10.0, -84.0)"
Costa Rica,VIOLENCIA INTRAFAMILIAR,CASOS,4404090,2008,01/01/2008 12:00:00 AM,46012,"(10.0, -84.0)"
Ecuador,DELITOS SEXUALES,CASOS,13805095,2008,01/01/2008 12:00:00 AM,5255,"(-2.0, -77.5)"
Ecuador,DELITOS SEXUALES,TASA BRUTA,13805095,2008,01/01/2008 12:00:00 AM,38.07,"(-2.0, -77.5)"
Ecuador,HOMICIDIOS TOTALES,CASOS,13805095,2008,01/01/2008 12:00:00 AM,2607,"(-2.0, -77.5)"
Ecuador,HOMICIDIOS TOTALES,TASA BRUTA,13805095,2008,01/01/2008 12:00:00 AM,18.88,"(-2.0, -77.5)"
Ecuador,HOMICIDIOS TOTALES,TASA INDIRECTA,13805095,2008,01/01/2008 12:00:00 AM,17.579999999999998,"(-2.0, -77.5)"
Ecuador,MUERTES POR ARMA DE FUEGO TOTALES,CASOS,13805095,2008,01/01/2008 12:00:00 AM,1669,"(-2.0, -77.5)"
Ecuador,MUERTES POR ARMA DE FUEGO TOTALES,TASA INDIRECTA,13805095,2008,01/01/2008 12:00:00 AM,11.26,"(-2.0, -77.5)"
Ecuador,MUERTES POR ARMA DE FUEGO TOTALES,TASA BRUTA,13805095,2008,01/01/2008 12:00:00 AM,12.09,"(-2.0, -77.5)"
Ecuador,MUERTES POR LESIONES DE TRÁNSITO TOTALES,CASOS,13805095,2008,01/01/2008 12:00:00 AM,1353,"(-2.0, -77.5)"
Ecuador,MUERTES POR LESIONES DE TRÁNSITO TOTALES,TASA BRUTA,13805095,2008,01/01/2008 12:00:00 AM,9.800000000000001,"(-2.0, -77.5)"
Ecuador,MUERTES POR LESIONES DE TRÁNSITO TOTALES,TASA INDIRECTA,13805095,2008,01/01/2008 12:00:00 AM,10.47,"(-2.0, -77.5)"
Ecuador,ROBO,CASOS,13805095,2008,01/01/2008 12:00:00 AM,14162,"(-2.0, -77.5)"
Ecuador,ROBO,TASA BRUTA,13805095,2008,01/01/2008 12:00:00 AM,102.59,"(-2.0, -77.5)"
Ecuador,SECUESTROS,CASOS,13805095,2008,01/01/2008 12:00:00 AM,26,"(-2.0, -77.5)"
Ecuador,SECUESTROS,TASA BRUTA,13805095,2008,01/01/2008 12:00:00 AM,0.19,"(-2.0, -77.5)"
Ecuador,SECUESTROS,TASA INDIRECTA,13805095,2008,01/01/2008 12:00:00 AM,0.19,"(-2.0, -77.5)"
Ecuador,SUICIDIOS,CASOS,12369897,2008,01/01/2008 12:00:00 AM,728,"(-2.0, -77.5)"
Ecuador,SUICIDIOS,TASA INDIRECTA,12369897,2008,01/01/2008 12:00:00 AM,6.86,"(-2.0, -77.5)"
Ecuador,SUICIDIOS,TASA BRUTA,12369897,2008,01/01/2008 12:00:00 AM,5.89,"(-2.0, -77.5)"
Ecuador,VIOLENCIA INTRAFAMILIAR,TASA BRUTA,13805095,2008,01/01/2008 12:00:00 AM,469.4,"(-2.0, -77.5)"
Ecuador,VIOLENCIA INTRAFAMILIAR,CASOS,13805095,2008,01/01/2008 12:00:00 AM,64801,"(-2.0, -77.5)"
El Salvador,DELITOS SEXUALES,TASA BRUTA,6124704,2008,01/01/2008 12:00:00 AM,8.33,"(13.8333, -88.9167)"
El Salvador,DELITOS SEXUALES,CASOS,6124704,2008,01/01/2008 12:00:00 AM,510,"(13.8333, -88.9167)"
El Salvador,HOMICIDIOS TOTALES,TASA INDIRECTA,6124704,2008,01/01/2008 12:00:00 AM,49.92,"(13.8333, -88.9167)"
El Salvador,HOMICIDIOS TOTALES,CASOS,6124704,2008,01/01/2008 12:00:00 AM,3176,"(13.8333, -88.9167)"
El Salvador,HOMICIDIOS TOTALES,TASA BRUTA,6124704,2008,01/01/2008 12:00:00 AM,51.86,"(13.8333, -88.9167)"
El Salvador,MUERTES POR ARMA DE FUEGO TOTALES,TASA BRUTA,6124704,2008,01/01/2008 12:00:00 AM,40.03,"(13.8333, -88.9167)"
El Salvador,MUERTES POR ARMA DE FUEGO TOTALES,TASA INDIRECTA,6124704,2008,01/01/2008 12:00:00 AM,38.54,"(13.8333, -88.9167)"
El Salvador,MUERTES POR ARMA DE FUEGO TOTALES,CASOS,6124704,2008,01/01/2008 12:00:00 AM,2452,"(13.8333, -88.9167)"
El Salvador,MUERTES POR LESIONES DE TRÁNSITO TOTALES,CASOS,6124704,2008,01/01/2008 12:00:00 AM,1206,"(13.8333, -88.9167)"
El Salvador,MUERTES POR LESIONES DE TRÁNSITO TOTALES,TASA INDIRECTA,6124704,2008,01/01/2008 12:00:00 AM,21.36,"(13.8333, -88.9167)"
El Salvador,MUERTES POR LESIONES DE TRÁNSITO TOTALES,TASA BRUTA,6124704,2008,01/01/2008 12:00:00 AM,19.690000000000001,"(13.8333, -88.9167)"
El Salvador,ROBO,CASOS,6124704,2008,01/01/2008 12:00:00 AM,6278,"(13.8333, -88.9167)"
El Salvador,ROBO,TASA BRUTA,6124704,2008,01/01/2008 12:00:00 AM,102.5,"(13.8333, -88.9167)"
El Salvador,SECUESTROS,CASOS,6124704,2008,01/01/2008 12:00:00 AM,10,"(13.8333, -88.9167)"
El Salvador,SECUESTROS,TASA BRUTA,6124704,2008,01/01/2008 12:00:00 AM,0.16,"(13.8333, -88.9167)"
El Salvador,SECUESTROS,TASA INDIRECTA,6124704,2008,01/01/2008 12:00:00 AM,0.17,"(13.8333, -88.9167)"
El Salvador,SUICIDIOS,TASA INDIRECTA,5514469,2008,01/01/2008 12:00:00 AM,2.47,"(13.8333, -88.9167)"
El Salvador,SUICIDIOS,CASOS,5514469,2008,01/01/2008 12:00:00 AM,112,"(13.8333, -88.9167)"
El Salvador,SUICIDIOS,TASA BRUTA,5514469,2008,01/01/2008 12:00:00 AM,2.03,"(13.8333, -88.9167)"
El Salvador,VIOLENCIA INTRAFAMILIAR,TASA BRUTA,6124704,2008,01/01/2008 12:00:00 AM,9.09,"(13.8333, -88.9167)"
El Salvador,VIOLENCIA INTRAFAMILIAR,CASOS,6124704,2008,01/01/2008 12:00:00 AM,557,"(13.8333, -88.9167)"
Guyana,DELITOS SEXUALES,CASOS,767083,2008,01/01/2008 12:00:00 AM,76,"(5.0, -59.0)"
Guyana,DELITOS SEXUALES,TASA BRUTA,767083,2008,01/01/2008 12:00:00 AM,9.91,"(5.0, -59.0)"
Guyana,HOMICIDIOS TOTALES,TASA BRUTA,767083,2008,01/01/2008 12:00:00 AM,20.47,"(5.0, -59.0)"
Guyana,HOMICIDIOS TOTALES,TASA INDIRECTA,767083,2008,01/01/2008 12:00:00 AM,19.670000000000002,"(5.0, -59.0)"
Guyana,HOMICIDIOS TOTALES,CASOS,767083,2008,01/01/2008 12:00:00 AM,157,"(5.0, -59.0)"
Guyana,MUERTES POR LESIONES DE TRÁNSITO TOTALES,TASA INDIRECTA,767083,2008,01/01/2008 12:00:00 AM,16.14,"(5.0, -59.0)"
Guyana,MUERTES POR LESIONES DE TRÁNSITO TOTALES,CASOS,767083,2008,01/01/2008 12:00:00 AM,113,"(5.0, -59.0)"
Guyana,MUERTES POR LESIONES DE TRÁNSITO TOTALES,TASA BRUTA,767083,2008,01/01/2008 12:00:00 AM,14.73,"(5.0, -59.0)"
Guyana,ROBO,TASA BRUTA,767083,2008,01/01/2008 12:00:00 AM,219.4,"(5.0, -59.0)"
Guyana,ROBO,CASOS,767083,2008,01/01/2008 12:00:00 AM,1683,"(5.0, -59.0)"
Guyana,SUICIDIOS,TASA INDIRECTA,695716,2008,01/01/2008 12:00:00 AM,18.850000000000001,"(5.0, -59.0)"
Guyana,SUICIDIOS,CASOS,695716,2008,01/01/2008 12:00:00 AM,111,"(5.0, -59.0)"
Guyana,SUICIDIOS,TASA BRUTA,695716,2008,01/01/2008 12:00:00 AM,15.95,"(5.0, -59.0)"
Guyana,VIOLENCIA INTRAFAMILIAR,CASOS,767083,2008,01/01/2008 12:00:00 AM,4325,"(5.0, -59.0)"
Guyana,VIOLENCIA INTRAFAMILIAR,TASA BRUTA,767083,2008,01/01/2008 12:00:00 AM,563.82000000000005,"(5.0, -59.0)"
Honduras,DELITOS SEXUALES,CASOS,7706907,2008,01/01/2008 12:00:00 AM,3664,"(15.0, -86.5)"
Honduras,DELITOS SEXUALES,TASA BRUTA,7706907,2008,01/01/2008 12:00:00 AM,47.54,"(15.0, -86.5)"
Honduras,HOMICIDIOS TOTALES,TASA INDIRECTA,7706907,2008,01/01/2008 12:00:00 AM,55.34,"(15.0, -86.5)"
Honduras,HOMICIDIOS TOTALES,TASA BRUTA,7706907,2008,01/01/2008 12:00:00 AM,58.04,"(15.0, -86.5)"
Honduras,HOMICIDIOS TOTALES,CASOS,7706907,2008,01/01/2008 12:00:00 AM,4473,"(15.0, -86.5)"
Honduras,HURTO,TASA BRUTA,7706907,2008,01/01/2008 12:00:00 AM,72.69,"(15.0, -86.5)"
Honduras,HURTO,CASOS,7706907,2008,01/01/2008 12:00:00 AM,5602,"(15.0, -86.5)"
Honduras,MALTRATO DE NIÑOS NIÑAS ADOLESCENTES,CASOS,3537346,2008,01/01/2008 12:00:00 AM,978,"(15.0, -86.5)"
Honduras,MALTRATO DE NIÑOS NIÑAS ADOLESCENTES,TASA BRUTA,3537346,2008,01/01/2008 12:00:00 AM,0.28,"(15.0, -86.5)"
Honduras,MUERTES POR ARMA DE FUEGO TOTALES,CASOS,7706907,2008,01/01/2008 12:00:00 AM,3612,"(15.0, -86.5)"
Honduras,MUERTES POR ARMA DE FUEGO TOTALES,TASA BRUTA,7706907,2008,01/01/2008 12:00:00 AM,46.87,"(15.0, -86.5)"
Honduras,MUERTES POR ARMA DE FUEGO TOTALES,TASA INDIRECTA,7706907,2008,01/01/2008 12:00:00 AM,44.69,"(15.0, -86.5)"
Honduras,MUERTES POR LESIONES DE TRÁNSITO TOTALES,CASOS,7706907,2008,01/01/2008 12:00:00 AM,1207,"(15.0, -86.5)"
Honduras,MUERTES POR LESIONES DE TRÁNSITO TOTALES,TASA BRUTA,7706907,2008,01/01/2008 12:00:00 AM,15.66,"(15.0, -86.5)"
Honduras,MUERTES POR LESIONES DE TRÁNSITO TOTALES,TASA INDIRECTA,7706907,2008,01/01/2008 12:00:00 AM,17.98,"(15.0, -86.5)"
Honduras,ROBO,TASA BRUTA,7706907,2008,01/01/2008 12:00:00 AM,225.04,"(15.0, -86.5)"
Honduras,ROBO,CASOS,7706907,2008,01/01/2008 12:00:00 AM,17344,"(15.0, -86.5)"
Honduras,SECUESTROS,TASA INDIRECTA,7706907,2008,01/01/2008 12:00:00 AM,1.18,"(15.0, -86.5)"
Honduras,SECUESTROS,TASA BRUTA,7706907,2008,01/01/2008 12:00:00 AM,1.03,"(15.0, -86.5)"
Honduras,SECUESTROS,CASOS,7706907,2008,01/01/2008 12:00:00 AM,79,"(15.0, -86.5)"
Honduras,SUICIDIOS,CASOS,6636597,2008,01/01/2008 12:00:00 AM,316,"(15.0, -86.5)"
Honduras,SUICIDIOS,TASA INDIRECTA,6636597,2008,01/01/2008 12:00:00 AM,6.22,"(15.0, -86.5)"
Honduras,SUICIDIOS,TASA BRUTA,6636597,2008,01/01/2008 12:00:00 AM,4.76,"(15.0, -86.5)"
Honduras,VIOLENCIA INTRAFAMILIAR,TASA BRUTA,7706907,2008,01/01/2008 12:00:00 AM,170.29,"(15.0, -86.5)"
Honduras,VIOLENCIA INTRAFAMILIAR,CASOS,7706907,2008,01/01/2008 12:00:00 AM,13124,"(15.0, -86.5)"
Jamaica,DELITOS SEXUALES,CASOS,2671938,2008,01/01/2008 12:00:00 AM,1459,"(18.25, -77.5)"
Jamaica,DELITOS SEXUALES,TASA BRUTA,2671938,2008,01/01/2008 12:00:00 AM,54.6,"(18.25, -77.5)"
Jamaica,HOMICIDIOS TOTALES,CASOS,2671934,2008,01/01/2008 12:00:00 AM,1619,"(18.25, -77.5)"
Jamaica,HOMICIDIOS TOTALES,TASA BRUTA,2671934,2008,01/01/2008 12:00:00 AM,60.59,"(18.25, -77.5)"
Jamaica,HOMICIDIOS TOTALES,TASA INDIRECTA,2671934,2008,01/01/2008 12:00:00 AM,56.39,"(18.25, -77.5)"
Jamaica,HURTO,TASA BRUTA,2671938,2008,01/01/2008 12:00:00 AM,12.16,"(18.25, -77.5)"
Jamaica,HURTO,CASOS,2671938,2008,01/01/2008 12:00:00 AM,325,"(18.25, -77.5)"
Jamaica,MALTRATO DE NIÑOS NIÑAS ADOLESCENTES,TASA BRUTA,2692400,2008,01/01/2008 12:00:00 AM,1.04,"(18.25, -77.5)"
Jamaica,MALTRATO DE NIÑOS NIÑAS ADOLESCENTES,CASOS,2692400,2008,01/01/2008 12:00:00 AM,2802,"(18.25, -77.5)"
Jamaica,MUERTES POR ARMA DE FUEGO TOTALES,TASA BRUTA,2671934,2008,01/01/2008 12:00:00 AM,46.89,"(18.25, -77.5)"
Jamaica,MUERTES POR ARMA DE FUEGO TOTALES,TASA INDIRECTA,2671934,2008,01/01/2008 12:00:00 AM,43.64,"(18.25, -77.5)"
Jamaica,MUERTES POR ARMA DE FUEGO TOTALES,CASOS,2671934,2008,01/01/2008 12:00:00 AM,1253,"(18.25, -77.5)"
Jamaica,MUERTES POR LESIONES DE TRÁNSITO TOTALES,TASA BRUTA,2671934,2008,01/01/2008 12:00:00 AM,12.84,"(18.25, -77.5)"
Jamaica,MUERTES POR LESIONES DE TRÁNSITO TOTALES,TASA INDIRECTA,2671934,2008,01/01/2008 12:00:00 AM,13.29,"(18.25, -77.5)"
Jamaica,MUERTES POR LESIONES DE TRÁNSITO TOTALES,CASOS,2671934,2008,01/01/2008 12:00:00 AM,343,"(18.25, -77.5)"
Jamaica,ROBO,TASA BRUTA,2671938,2008,01/01/2008 12:00:00 AM,99.55,"(18.25, -77.5)"
Jamaica,ROBO,CASOS,2671938,2008,01/01/2008 12:00:00 AM,2660,"(18.25, -77.5)"
Jamaica,ROBO AUTOS,CASOS,,2008,01/01/2008 12:00:00 AM,222,"(18.25, -77.5)"
Jamaica,SECUESTROS,CASOS,2671934,2008,01/01/2008 12:00:00 AM,13,"(18.25, -77.5)"
Jamaica,SECUESTROS,TASA INDIRECTA,2671934,2008,01/01/2008 12:00:00 AM,0.47,"(18.25, -77.5)"
Jamaica,SECUESTROS,TASA BRUTA,2671934,2008,01/01/2008 12:00:00 AM,0.49,"(18.25, -77.5)"
Jamaica,SUICIDIOS,TASA BRUTA,2443813,2008,01/01/2008 12:00:00 AM,1.92,"(18.25, -77.5)"
Jamaica,SUICIDIOS,CASOS,2443813,2008,01/01/2008 12:00:00 AM,47,"(18.25, -77.5)"
Jamaica,SUICIDIOS,TASA INDIRECTA,2443813,2008,01/01/2008 12:00:00 AM,2.17,"(18.25, -77.5)"
Jamaica,VIOLENCIA INTRAFAMILIAR,CASOS,2671938,2008,01/01/2008 12:00:00 AM,61,"(18.25, -77.5)"
Jamaica,VIOLENCIA INTRAFAMILIAR,TASA BRUTA,2671938,2008,01/01/2008 12:00:00 AM,2.28,"(18.25, -77.5)"
México,DELITOS SEXUALES,CASOS,106682518,2008,01/01/2008 12:00:00 AM,36857,"(23.0, -102.0)"
México,DELITOS SEXUALES,TASA BRUTA,106682518,2008,01/01/2008 12:00:00 AM,34.549999999999997,"(23.0, -102.0)"
México,HOMICIDIOS TOTALES,CASOS,106682518,2008,01/01/2008 12:00:00 AM,14007,"(23.0, -102.0)"
México,HOMICIDIOS TOTALES,TASA BRUTA,106682518,2008,01/01/2008 12:00:00 AM,13.13,"(23.0, -102.0)"
México,MUERTES POR ARMA DE FUEGO TOTALES,TASA BRUTA,106682518,2008,01/01/2008 12:00:00 AM,4.78,"(23.0, -102.0)"
México,MUERTES POR ARMA DE FUEGO TOTALES,CASOS,106682518,2008,01/01/2008 12:00:00 AM,5095,"(23.0, -102.0)"
México,MUERTES POR LESIONES DE TRÁNSITO TOTALES,CASOS,106682518,2008,01/01/2008 12:00:00 AM,12426,"(23.0, -102.0)"
México,MUERTES POR LESIONES DE TRÁNSITO TOTALES,TASA BRUTA,106682518,2008,01/01/2008 12:00:00 AM,11.65,"(23.0, -102.0)"
México,ROBO,CASOS,106682518,2008,01/01/2008 12:00:00 AM,656877,"(23.0, -102.0)"
México,ROBO,TASA BRUTA,106682518,2008,01/01/2008 12:00:00 AM,615.73,"(23.0, -102.0)"
México,ROBO AUTOS,CASOS,29287903,2008,01/01/2008 12:00:00 AM,193856,"(23.0, -102.0)"
México,ROBO AUTOS,TASA BRUTA,29287903,2008,01/01/2008 12:00:00 AM,66.19,"(23.0, -102.0)"
México,SECUESTROS,TASA BRUTA,106682518,2008,01/01/2008 12:00:00 AM,0.85,"(23.0, -102.0)"
México,SECUESTROS,CASOS,106682518,2008,01/01/2008 12:00:00 AM,907,"(23.0, -102.0)"
México,SUICIDIOS,TASA BRUTA,94956569,2008,01/01/2008 12:00:00 AM,4.93,"(23.0, -102.0)"
México,SUICIDIOS,CASOS,94956569,2008,01/01/2008 12:00:00 AM,4681,"(23.0, -102.0)"
México,VIOLENCIA INTRAFAMILIAR,TASA BRUTA,106682518,2008,01/01/2008 12:00:00 AM,26.71,"(23.0, -102.0)"
México,VIOLENCIA INTRAFAMILIAR,CASOS,106682518,2008,01/01/2008 12:00:00 AM,28498,"(23.0, -102.0)"
Nicaragua,DELITOS SEXUALES,CASOS,5668875,2008,01/01/2008 12:00:00 AM,4736,"(13.0, -85.0)"
Nicaragua,DELITOS SEXUALES,TASA BRUTA,5668875,2008,01/01/2008 12:00:00 AM,83.54,"(13.0, -85.0)"
Nicaragua,HOMICIDIOS TOTALES,CASOS,5668877,2008,01/01/2008 12:00:00 AM,736,"(13.0, -85.0)"
Nicaragua,HOMICIDIOS TOTALES,TASA BRUTA,5668877,2008,01/01/2008 12:00:00 AM,12.98,"(13.0, -85.0)"
Nicaragua,HOMICIDIOS TOTALES,TASA INDIRECTA,5668877,2008,01/01/2008 12:00:00 AM,11.88,"(13.0, -85.0)"
Nicaragua,HURTO,TASA BRUTA,5668875,2008,01/01/2008 12:00:00 AM,350.83,"(13.0, -85.0)"
Nicaragua,HURTO,CASOS,5668875,2008,01/01/2008 12:00:00 AM,19888,"(13.0, -85.0)"
Nicaragua,MUERTES POR ARMA DE FUEGO TOTALES,CASOS,5668877,2008,01/01/2008 12:00:00 AM,259,"(13.0, -85.0)"
Nicaragua,MUERTES POR ARMA DE FUEGO TOTALES,TASA BRUTA,5668877,2008,01/01/2008 12:00:00 AM,4.57,"(13.0, -85.0)"
Nicaragua,MUERTES POR ARMA DE FUEGO TOTALES,TASA INDIRECTA,5668877,2008,01/01/2008 12:00:00 AM,4.18,"(13.0, -85.0)"
Nicaragua,MUERTES POR LESIONES DE TRÁNSITO TOTALES,TASA BRUTA,5668877,2008,01/01/2008 12:00:00 AM,9.07,"(13.0, -85.0)"
Nicaragua,MUERTES POR LESIONES DE TRÁNSITO TOTALES,CASOS,5668877,2008,01/01/2008 12:00:00 AM,514,"(13.0, -85.0)"
Nicaragua,MUERTES POR LESIONES DE TRÁNSITO TOTALES,TASA INDIRECTA,5668877,2008,01/01/2008 12:00:00 AM,9.94,"(13.0, -85.0)"
Nicaragua,ROBO,TASA BRUTA,5668875,2008,01/01/2008 12:00:00 AM,591.04999999999995,"(13.0, -85.0)"
Nicaragua,ROBO,CASOS,5668875,2008,01/01/2008 12:00:00 AM,33506,"(13.0, -85.0)"
Nicaragua,ROBO AUTOS,CASOS,406330,2008,01/01/2008 12:00:00 AM,303,"(13.0, -85.0)"
Nicaragua,ROBO AUTOS,TASA BRUTA,406330,2008,01/01/2008 12:00:00 AM,7.46,"(13.0, -85.0)"
Nicaragua,SECUESTROS,TASA INDIRECTA,5668877,2008,01/01/2008 12:00:00 AM,0.12,"(13.0, -85.0)"
Nicaragua,SECUESTROS,CASOS,5668877,2008,01/01/2008 12:00:00 AM,6,"(13.0, -85.0)"
Nicaragua,SECUESTROS,TASA BRUTA,5668877,2008,01/01/2008 12:00:00 AM,0.11,"(13.0, -85.0)"
Nicaragua,SUICIDIOS,TASA BRUTA,4992622,2008,01/01/2008 12:00:00 AM,2.42,"(13.0, -85.0)"
Nicaragua,SUICIDIOS,TASA INDIRECTA,4992622,2008,01/01/2008 12:00:00 AM,3.06,"(13.0, -85.0)"
Nicaragua,SUICIDIOS,CASOS,4992622,2008,01/01/2008 12:00:00 AM,121,"(13.0, -85.0)"
Nicaragua,VIOLENCIA INTRAFAMILIAR,TASA BRUTA,5668875,2008,01/01/2008 12:00:00 AM,97.39,"(13.0, -85.0)"
Nicaragua,VIOLENCIA INTRAFAMILIAR,CASOS,5668875,2008,01/01/2008 12:00:00 AM,5521,"(13.0, -85.0)"
Panamá,DELITOS SEXUALES,CASOS,3537986,2008,01/01/2008 12:00:00 AM,1417,"(9.0, -80.0)"
Panamá,DELITOS SEXUALES,TASA BRUTA,3537986,2008,01/01/2008 12:00:00 AM,40.049999999999997,"(9.0, -80.0)"
Panamá,HOMICIDIOS TOTALES,TASA INDIRECTA,3537986,2008,01/01/2008 12:00:00 AM,17.350000000000001,"(9.0, -80.0)"
Panamá,HOMICIDIOS TOTALES,CASOS,3537986,2008,01/01/2008 12:00:00 AM,654,"(9.0, -80.0)"
Panamá,HOMICIDIOS TOTALES,TASA BRUTA,3537986,2008,01/01/2008 12:00:00 AM,18.489999999999998,"(9.0, -80.0)"
Panamá,HURTO,CASOS,3537986,2008,01/01/2008 12:00:00 AM,16608,"(9.0, -80.0)"
Panamá,HURTO,TASA BRUTA,3537986,2008,01/01/2008 12:00:00 AM,469.42,"(9.0, -80.0)"
Panamá,MALTRATO DE NIÑOS NIÑAS ADOLESCENTES,CASOS,3469972,2008,01/01/2008 12:00:00 AM,363,"(9.0, -80.0)"
Panamá,MALTRATO DE NIÑOS NIÑAS ADOLESCENTES,TASA BRUTA,3469972,2008,01/01/2008 12:00:00 AM,0.1,"(9.0, -80.0)"
Panamá,MUERTES POR ARMA DE FUEGO TOTALES,TASA INDIRECTA,3537986,2008,01/01/2008 12:00:00 AM,13.77,"(9.0, -80.0)"
Panamá,MUERTES POR ARMA DE FUEGO TOTALES,TASA BRUTA,3537986,2008,01/01/2008 12:00:00 AM,14.67,"(9.0, -80.0)"
Panamá,MUERTES POR ARMA DE FUEGO TOTALES,CASOS,3537986,2008,01/01/2008 12:00:00 AM,519,"(9.0, -80.0)"
Panamá,MUERTES POR LESIONES DE TRÁNSITO TOTALES,CASOS,3537986,2008,01/01/2008 12:00:00 AM,437,"(9.0, -80.0)"
Panamá,MUERTES POR LESIONES DE TRÁNSITO TOTALES,TASA INDIRECTA,3537986,2008,01/01/2008 12:00:00 AM,13.16,"(9.0, -80.0)"
Panamá,MUERTES POR LESIONES DE TRÁNSITO TOTALES,TASA BRUTA,3537986,2008,01/01/2008 12:00:00 AM,12.35,"(9.0, -80.0)"
Panamá,ROBO,CASOS,3537986,2008,01/01/2008 12:00:00 AM,7861,"(9.0, -80.0)"
Panamá,ROBO,TASA BRUTA,3537986,2008,01/01/2008 12:00:00 AM,222.19,"(9.0, -80.0)"
Panamá,ROBO AUTOS,CASOS,,2008,01/01/2008 12:00:00 AM,1256,"(9.0, -80.0)"
Panamá,SECUESTROS,CASOS,3537986,2008,01/01/2008 12:00:00 AM,21,"(9.0, -80.0)"
Panamá,SECUESTROS,TASA BRUTA,3537986,2008,01/01/2008 12:00:00 AM,0.59,"(9.0, -80.0)"
Panamá,SECUESTROS,TASA INDIRECTA,3537986,2008,01/01/2008 12:00:00 AM,0.59,"(9.0, -80.0)"
Panamá,SUICIDIOS,TASA INDIRECTA,3175326,2008,01/01/2008 12:00:00 AM,3.52,"(9.0, -80.0)"
Panamá,SUICIDIOS,TASA BRUTA,3175326,2008,01/01/2008 12:00:00 AM,3.12,"(9.0, -80.0)"
Panamá,SUICIDIOS,CASOS,3175326,2008,01/01/2008 12:00:00 AM,99,"(9.0, -80.0)"
Panamá,VIOLENCIA INTRAFAMILIAR,TASA BRUTA,3537986,2008,01/01/2008 12:00:00 AM,186.46,"(9.0, -80.0)"
Panamá,VIOLENCIA INTRAFAMILIAR,CASOS,3537986,2008,01/01/2008 12:00:00 AM,6597,"(9.0, -80.0)"
Paraguay,DELITOS SEXUALES,TASA BRUTA,6230142,2008,01/01/2008 12:00:00 AM,44.56,"(-23.0, -58.0)"
Paraguay,DELITOS SEXUALES,CASOS,6230142,2008,01/01/2008 12:00:00 AM,2776,"(-23.0, -58.0)"
Paraguay,HOMICIDIOS TOTALES,TASA BRUTA,6230143,2008,01/01/2008 12:00:00 AM,15.1,"(-23.0, -58.0)"
Paraguay,HOMICIDIOS TOTALES,CASOS,6230143,2008,01/01/2008 12:00:00 AM,941,"(-23.0, -58.0)"
Paraguay,HOMICIDIOS TOTALES,TASA INDIRECTA,6230143,2008,01/01/2008 12:00:00 AM,14.06,"(-23.0, -58.0)"
Paraguay,HURTO,TASA BRUTA,6230142,2008,01/01/2008 12:00:00 AM,399.25,"(-23.0, -58.0)"
Paraguay,HURTO,CASOS,6230142,2008,01/01/2008 12:00:00 AM,24874,"(-23.0, -58.0)"
Paraguay,MALTRATO DE NIÑOS NIÑAS ADOLESCENTES,CASOS,,2008,01/01/2008 12:00:00 AM,739,"(-23.0, -58.0)"
Paraguay,MUERTES POR ARMA DE FUEGO TOTALES,CASOS,6230143,2008,01/01/2008 12:00:00 AM,599,"(-23.0, -58.0)"
Paraguay,MUERTES POR ARMA DE FUEGO TOTALES,TASA INDIRECTA,6230143,2008,01/01/2008 12:00:00 AM,8.949999999999999,"(-23.0, -58.0)"
Paraguay,MUERTES POR ARMA DE FUEGO TOTALES,TASA BRUTA,6230143,2008,01/01/2008 12:00:00 AM,9.61,"(-23.0, -58.0)"
Paraguay,MUERTES POR LESIONES DE TRÁNSITO TOTALES,TASA BRUTA,6230143,2008,01/01/2008 12:00:00 AM,18.989999999999998,"(-23.0, -58.0)"
Paraguay,MUERTES POR LESIONES DE TRÁNSITO TOTALES,CASOS,6230143,2008,01/01/2008 12:00:00 AM,1183,"(-23.0, -58.0)"
Paraguay,MUERTES POR LESIONES DE TRÁNSITO TOTALES,TASA INDIRECTA,6230143,2008,01/01/2008 12:00:00 AM,20.73,"(-23.0, -58.0)"
Paraguay,ROBO,CASOS,6230142,2008,01/01/2008 12:00:00 AM,17968,"(-23.0, -58.0)"
Paraguay,ROBO,TASA BRUTA,6230142,2008,01/01/2008 12:00:00 AM,288.39999999999998,"(-23.0, -58.0)"
Paraguay,ROBO AUTOS,TASA BRUTA,720279,2008,01/01/2008 12:00:00 AM,49.95,"(-23.0, -58.0)"
Paraguay,ROBO AUTOS,CASOS,720279,2008,01/01/2008 12:00:00 AM,3598,"(-23.0, -58.0)"
Paraguay,SECUESTROS,TASA INDIRECTA,6230143,2008,01/01/2008 12:00:00 AM,0.07,"(-23.0, -58.0)"
Paraguay,SECUESTROS,TASA BRUTA,6230143,2008,01/01/2008 12:00:00 AM,0.06,"(-23.0, -58.0)"
Paraguay,SECUESTROS,CASOS,6230143,2008,01/01/2008 12:00:00 AM,4,"(-23.0, -58.0)"
Paraguay,SUICIDIOS,TASA BRUTA,5495100,2008,01/01/2008 12:00:00 AM,5.6,"(-23.0, -58.0)"
Paraguay,SUICIDIOS,TASA INDIRECTA,5495100,2008,01/01/2008 12:00:00 AM,6.85,"(-23.0, -58.0)"
Paraguay,SUICIDIOS,CASOS,5495100,2008,01/01/2008 12:00:00 AM,308,"(-23.0, -58.0)"
Perú,DELITOS SEXUALES,CASOS,28807034,2008,01/01/2008 12:00:00 AM,7560,"(-10.0, -76.0)"
Perú,DELITOS SEXUALES,TASA BRUTA,28807034,2008,01/01/2008 12:00:00 AM,26.24,"(-10.0, -76.0)"
Perú,HOMICIDIOS TOTALES,TASA INDIRECTA,28807034,2008,01/01/2008 12:00:00 AM,10.88,"(-10.0, -76.0)"
Perú,HOMICIDIOS TOTALES,CASOS,28807034,2008,01/01/2008 12:00:00 AM,3413,"(-10.0, -76.0)"
Perú,HOMICIDIOS TOTALES,TASA BRUTA,28807034,2008,01/01/2008 12:00:00 AM,11.85,"(-10.0, -76.0)"
Perú,HURTO,CASOS,28807034,2008,01/01/2008 12:00:00 AM,47310,"(-10.0, -76.0)"
Perú,HURTO,TASA BRUTA,28807034,2008,01/01/2008 12:00:00 AM,164.23,"(-10.0, -76.0)"
Perú,MALTRATO DE NIÑOS NIÑAS ADOLESCENTES,TASA BRUTA,10604746,2008,01/01/2008 12:00:00 AM,1.19,"(-10.0, -76.0)"
Perú,MALTRATO DE NIÑOS NIÑAS ADOLESCENTES,CASOS,10604746,2008,01/01/2008 12:00:00 AM,12592,"(-10.0, -76.0)"
Perú,MUERTES POR ARMA DE FUEGO TOTALES,TASA BRUTA,28807034,2008,01/01/2008 12:00:00 AM,2.09,"(-10.0, -76.0)"
Perú,MUERTES POR ARMA DE FUEGO TOTALES,CASOS,28807034,2008,01/01/2008 12:00:00 AM,603,"(-10.0, -76.0)"
Perú,MUERTES POR ARMA DE FUEGO TOTALES,TASA INDIRECTA,28807034,2008,01/01/2008 12:00:00 AM,1.92,"(-10.0, -76.0)"
Perú,MUERTES POR LESIONES DE TRÁNSITO TOTALES,TASA INDIRECTA,28807034,2008,01/01/2008 12:00:00 AM,12.88,"(-10.0, -76.0)"
Perú,MUERTES POR LESIONES DE TRÁNSITO TOTALES,CASOS,28807034,2008,01/01/2008 12:00:00 AM,3489,"(-10.0, -76.0)"
Perú,MUERTES POR LESIONES DE TRÁNSITO TOTALES,TASA BRUTA,28807034,2008,01/01/2008 12:00:00 AM,12.11,"(-10.0, -76.0)"
Perú,ROBO,TASA BRUTA,28807034,2008,01/01/2008 12:00:00 AM,149.03,"(-10.0, -76.0)"
Perú,ROBO,CASOS,28807034,2008,01/01/2008 12:00:00 AM,42931,"(-10.0, -76.0)"
Perú,ROBO AUTOS,TASA BRUTA,1640970,2008,01/01/2008 12:00:00 AM,78.25,"(-10.0, -76.0)"
Perú,ROBO AUTOS,CASOS,1640970,2008,01/01/2008 12:00:00 AM,12840,"(-10.0, -76.0)"
Perú,SECUESTROS,TASA BRUTA,28807034,2008,01/01/2008 12:00:00 AM,0.8,"(-10.0, -76.0)"
Perú,SECUESTROS,CASOS,28807034,2008,01/01/2008 12:00:00 AM,231,"(-10.0, -76.0)"
Perú,SECUESTROS,TASA INDIRECTA,28807034,2008,01/01/2008 12:00:00 AM,0.81,"(-10.0, -76.0)"
Perú,SUICIDIOS,TASA INDIRECTA,25833531,2008,01/01/2008 12:00:00 AM,4.64,"(-10.0, -76.0)"
Perú,SUICIDIOS,TASA BRUTA,25833531,2008,01/01/2008 12:00:00 AM,3.99,"(-10.0, -76.0)"
Perú,SUICIDIOS,CASOS,25833531,2008,01/01/2008 12:00:00 AM,1032,"(-10.0, -76.0)"
Perú,VIOLENCIA INTRAFAMILIAR,CASOS,28807034,2008,01/01/2008 12:00:00 AM,91929,"(-10.0, -76.0)"
Perú,VIOLENCIA INTRAFAMILIAR,TASA BRUTA,28807034,2008,01/01/2008 12:00:00 AM,319.12,"(-10.0, -76.0)"
República Dominicana,DELITOS SEXUALES,CASOS,9625207,2008,01/01/2008 12:00:00 AM,2613,"(19.0, -70.6667)"
República Dominicana,DELITOS SEXUALES,TASA BRUTA,9625207,2008,01/01/2008 12:00:00 AM,27.15,"(19.0, -70.6667)"
República Dominicana,HOMICIDIOS TOTALES,TASA BRUTA,9625207,2008,01/01/2008 12:00:00 AM,24.87,"(19.0, -70.6667)"
República Dominicana,HOMICIDIOS TOTALES,CASOS,9625207,2008,01/01/2008 12:00:00 AM,2394,"(19.0, -70.6667)"
República Dominicana,HOMICIDIOS TOTALES,TASA INDIRECTA,9625207,2008,01/01/2008 12:00:00 AM,23.24,"(19.0, -70.6667)"
República Dominicana,HURTO,TASA BRUTA,9625207,2008,01/01/2008 12:00:00 AM,22.4,"(19.0, -70.6667)"
República Dominicana,HURTO,CASOS,9625207,2008,01/01/2008 12:00:00 AM,2156,"(19.0, -70.6667)"
República Dominicana,MUERTES POR ARMA DE FUEGO TOTALES,TASA BRUTA,9625207,2008,01/01/2008 12:00:00 AM,18.670000000000002,"(19.0, -70.6667)"
República Dominicana,MUERTES POR ARMA DE FUEGO TOTALES,CASOS,9625207,2008,01/01/2008 12:00:00 AM,1797,"(19.0, -70.6667)"
República Dominicana,MUERTES POR ARMA DE FUEGO TOTALES,TASA INDIRECTA,9625207,2008,01/01/2008 12:00:00 AM,17.440000000000001,"(19.0, -70.6667)"
República Dominicana,MUERTES POR LESIONES DE TRÁNSITO TOTALES,CASOS,9625207,2008,01/01/2008 12:00:00 AM,1854,"(19.0, -70.6667)"
República Dominicana,MUERTES POR LESIONES DE TRÁNSITO TOTALES,TASA BRUTA,9625207,2008,01/01/2008 12:00:00 AM,19.260000000000002,"(19.0, -70.6667)"
República Dominicana,MUERTES POR LESIONES DE TRÁNSITO TOTALES,TASA INDIRECTA,9625207,2008,01/01/2008 12:00:00 AM,20.77,"(19.0, -70.6667)"
República Dominicana,ROBO,TASA BRUTA,9625207,2008,01/01/2008 12:00:00 AM,104.39,"(19.0, -70.6667)"
República Dominicana,ROBO,CASOS,9625207,2008,01/01/2008 12:00:00 AM,10048,"(19.0, -70.6667)"
República Dominicana,SECUESTROS,CASOS,9625207,2008,01/01/2008 12:00:00 AM,33,"(19.0, -70.6667)"
República Dominicana,SECUESTROS,TASA BRUTA,9625207,2008,01/01/2008 12:00:00 AM,0.34,"(19.0, -70.6667)"
República Dominicana,SECUESTROS,TASA INDIRECTA,9625207,2008,01/01/2008 12:00:00 AM,0.35,"(19.0, -70.6667)"
República Dominicana,SUICIDIOS,TASA BRUTA,8560952,2008,01/01/2008 12:00:00 AM,6.26,"(19.0, -70.6667)"
República Dominicana,SUICIDIOS,TASA INDIRECTA,8560952,2008,01/01/2008 12:00:00 AM,7.37,"(19.0, -70.6667)"
República Dominicana,SUICIDIOS,CASOS,8560952,2008,01/01/2008 12:00:00 AM,536,"(19.0, -70.6667)"
República Dominicana,VIOLENCIA INTRAFAMILIAR,TASA BRUTA,9625207,2008,01/01/2008 12:00:00 AM,481.71,"(19.0, -70.6667)"
República Dominicana,VIOLENCIA INTRAFAMILIAR,CASOS,9625207,2008,01/01/2008 12:00:00 AM,46366,"(19.0, -70.6667)"
Uruguay,DELITOS SEXUALES,CASOS,3334052,2008,01/01/2008 12:00:00 AM,1188,"(-33.0, -56.0)"
Uruguay,DELITOS SEXUALES,TASA BRUTA,3334052,2008,01/01/2008 12:00:00 AM,35.630000000000003,"(-33.0, -56.0)"
Uruguay,HOMICIDIOS TOTALES,CASOS,3334052,2008,01/01/2008 12:00:00 AM,221,"(-33.0, -56.0)"
Uruguay,HOMICIDIOS TOTALES,TASA BRUTA,3334052,2008,01/01/2008 12:00:00 AM,6.63,"(-33.0, -56.0)"
Uruguay,HOMICIDIOS TOTALES,TASA INDIRECTA,3334052,2008,01/01/2008 12:00:00 AM,6.6,"(-33.0, -56.0)"
Uruguay,HURTO,CASOS,3334052,2008,01/01/2008 12:00:00 AM,105629,"(-33.0, -56.0)"
Uruguay,HURTO,TASA BRUTA,3334052,2008,01/01/2008 12:00:00 AM,3168.19,"(-33.0, -56.0)"
Uruguay,MUERTES POR LESIONES DE TRÁNSITO TOTALES,CASOS,3334052,2008,01/01/2008 12:00:00 AM,463,"(-33.0, -56.0)"
Uruguay,MUERTES POR LESIONES DE TRÁNSITO TOTALES,TASA INDIRECTA,3334052,2008,01/01/2008 12:00:00 AM,14.03,"(-33.0, -56.0)"
Uruguay,MUERTES POR LESIONES DE TRÁNSITO TOTALES,TASA BRUTA,3334052,2008,01/01/2008 12:00:00 AM,13.89,"(-33.0, -56.0)"
Uruguay,ROBO,CASOS,3334052,2008,01/01/2008 12:00:00 AM,10705,"(-33.0, -56.0)"
Uruguay,ROBO,TASA BRUTA,3334052,2008,01/01/2008 12:00:00 AM,321.08,"(-33.0, -56.0)"
Uruguay,ROBO AUTOS,CASOS,,2008,01/01/2008 12:00:00 AM,3672,"(-33.0, -56.0)"
Uruguay,SUICIDIOS,CASOS,3092942,2008,01/01/2008 12:00:00 AM,562,"(-33.0, -56.0)"
Uruguay,SUICIDIOS,TASA BRUTA,3092942,2008,01/01/2008 12:00:00 AM,18.170000000000002,"(-33.0, -56.0)"
Uruguay,SUICIDIOS,TASA INDIRECTA,3092942,2008,01/01/2008 12:00:00 AM,19.100000000000001,"(-33.0, -56.0)"
Uruguay,VIOLENCIA INTRAFAMILIAR,CASOS,3334052,2008,01/01/2008 12:00:00 AM,12450,"(-33.0, -56.0)"
Uruguay,VIOLENCIA INTRAFAMILIAR,TASA BRUTA,3334052,2008,01/01/2008 12:00:00 AM,373.42,"(-33.0, -56.0)"
Belice,HOMICIDIOS TOTALES,TASA BRUTA,315082,2009,01/01/2009 12:00:00 AM,30.79,"(17.25, -88.75)"
Belice,HOMICIDIOS TOTALES,TASA INDIRECTA,315082,2009,01/01/2009 12:00:00 AM,28.86,"(17.25, -88.75)"
Belice,HOMICIDIOS TOTALES,CASOS,315082,2009,01/01/2009 12:00:00 AM,97,"(17.25, -88.75)"
Belice,HURTO,CASOS,315082,2009,01/01/2009 12:00:00 AM,1332,"(17.25, -88.75)"
Belice,HURTO,TASA BRUTA,315082,2009,01/01/2009 12:00:00 AM,422.75,"(17.25, -88.75)"
Belice,MUERTES POR ARMA DE FUEGO TOTALES,TASA INDIRECTA,315082,2009,01/01/2009 12:00:00 AM,14.58,"(17.25, -88.75)"
Belice,MUERTES POR ARMA DE FUEGO TOTALES,TASA BRUTA,315082,2009,01/01/2009 12:00:00 AM,15.55,"(17.25, -88.75)"
Belice,MUERTES POR ARMA DE FUEGO TOTALES,CASOS,315082,2009,01/01/2009 12:00:00 AM,49,"(17.25, -88.75)"
Belice,ROBO,CASOS,315082,2009,01/01/2009 12:00:00 AM,526,"(17.25, -88.75)"
Belice,ROBO,TASA BRUTA,315082,2009,01/01/2009 12:00:00 AM,166.94,"(17.25, -88.75)"
Belice,SECUESTROS,TASA BRUTA,315082,2009,01/01/2009 12:00:00 AM,0.95,"(17.25, -88.75)"
Belice,SECUESTROS,TASA INDIRECTA,315082,2009,01/01/2009 12:00:00 AM,1.04,"(17.25, -88.75)"
Belice,SECUESTROS,CASOS,315082,2009,01/01/2009 12:00:00 AM,3,"(17.25, -88.75)"
Belice,SUICIDIOS,TASA INDIRECTA,277435,2009,01/01/2009 12:00:00 AM,4.52,"(17.25, -88.75)"
Belice,SUICIDIOS,TASA BRUTA,277435,2009,01/01/2009 12:00:00 AM,3.6,"(17.25, -88.75)"
Belice,SUICIDIOS,CASOS,277435,2009,01/01/2009 12:00:00 AM,10,"(17.25, -88.75)"
Bolivia,DELITOS SEXUALES,CASOS,,2009,01/01/2009 12:00:00 AM,2506,"(-17.0, -65.0)"
Bolivia,HOMICIDIOS TOTALES,CASOS,,2009,01/01/2009 12:00:00 AM,802,"(-17.0, -65.0)"
Bolivia,HURTO,CASOS,,2009,01/01/2009 12:00:00 AM,5556,"(-17.0, -65.0)"
Bolivia,MUERTES POR LESIONES DE TRÁNSITO TOTALES,CASOS,,2009,01/01/2009 12:00:00 AM,1222,"(-17.0, -65.0)"
Bolivia,ROBO,CASOS,,2009,01/01/2009 12:00:00 AM,14409,"(-17.0, -65.0)"
Bolivia,ROBO AUTOS,CASOS,910333,2009,01/01/2009 12:00:00 AM,3543,"(-17.0, -65.0)"
Bolivia,ROBO AUTOS,TASA BRUTA,910333,2009,01/01/2009 12:00:00 AM,38.92,"(-17.0, -65.0)"
Bolivia,SECUESTROS,CASOS,,2009,01/01/2009 12:00:00 AM,111,"(-17.0, -65.0)"
Bolivia,SUICIDIOS,CASOS,,2009,01/01/2009 12:00:00 AM,254,"(-17.0, -65.0)"
Bolivia,VIOLENCIA INTRAFAMILIAR,CASOS,,2009,01/01/2009 12:00:00 AM,48869,"(-17.0, -65.0)"
Chile,DELITOS SEXUALES,TASA BRUTA,16928873,2009,01/01/2009 12:00:00 AM,77.260000000000005,"(-30.0, -71.0)"
Chile,DELITOS SEXUALES,CASOS,16928873,2009,01/01/2009 12:00:00 AM,13080,"(-30.0, -71.0)"
Chile,HOMICIDIOS TOTALES,TASA INDIRECTA,16928873,2009,01/01/2009 12:00:00 AM,3.18,"(-30.0, -71.0)"
Chile,HOMICIDIOS TOTALES,CASOS,16928873,2009,01/01/2009 12:00:00 AM,574,"(-30.0, -71.0)"
Chile,HOMICIDIOS TOTALES,TASA BRUTA,16928873,2009,01/01/2009 12:00:00 AM,3.39,"(-30.0, -71.0)"
Chile,HURTO,CASOS,16928873,2009,01/01/2009 12:00:00 AM,191103,"(-30.0, -71.0)"
Chile,HURTO,TASA BRUTA,16928873,2009,01/01/2009 12:00:00 AM,1128.8599999999999,"(-30.0, -71.0)"
Chile,MALTRATO DE NIÑOS NIÑAS ADOLESCENTES,TASA BRUTA,4748470,2009,01/01/2009 12:00:00 AM,1.35,"(-30.0, -71.0)"
Chile,MALTRATO DE NIÑOS NIÑAS ADOLESCENTES,CASOS,4748470,2009,01/01/2009 12:00:00 AM,6412,"(-30.0, -71.0)"
Chile,MUERTES POR ARMA DE FUEGO TOTALES,TASA BRUTA,16928873,2009,01/01/2009 12:00:00 AM,2.45,"(-30.0, -71.0)"
Chile,MUERTES POR ARMA DE FUEGO TOTALES,CASOS,16928873,2009,01/01/2009 12:00:00 AM,414,"(-30.0, -71.0)"
Chile,MUERTES POR ARMA DE FUEGO TOTALES,TASA INDIRECTA,16928873,2009,01/01/2009 12:00:00 AM,2.3,"(-30.0, -71.0)"
Chile,MUERTES POR LESIONES DE TRÁNSITO TOTALES,TASA INDIRECTA,16928873,2009,01/01/2009 12:00:00 AM,12.5,"(-30.0, -71.0)"
Chile,MUERTES POR LESIONES DE TRÁNSITO TOTALES,CASOS,16928873,2009,01/01/2009 12:00:00 AM,2105,"(-30.0, -71.0)"
Chile,MUERTES POR LESIONES DE TRÁNSITO TOTALES,TASA BRUTA,16928873,2009,01/01/2009 12:00:00 AM,12.43,"(-30.0, -71.0)"
Chile,ROBO,CASOS,16928873,2009,01/01/2009 12:00:00 AM,91902,"(-30.0, -71.0)"
Chile,ROBO,TASA BRUTA,16928873,2009,01/01/2009 12:00:00 AM,542.87,"(-30.0, -71.0)"
Chile,ROBO AUTOS,TASA BRUTA,3049520,2009,01/01/2009 12:00:00 AM,91.37,"(-30.0, -71.0)"
Chile,ROBO AUTOS,CASOS,3049520,2009,01/01/2009 12:00:00 AM,27864,"(-30.0, -71.0)"
Chile,SECUESTROS,CASOS,16928873,2009,01/01/2009 12:00:00 AM,246,"(-30.0, -71.0)"
Chile,SECUESTROS,TASA INDIRECTA,16928873,2009,01/01/2009 12:00:00 AM,1.31,"(-30.0, -71.0)"
Chile,SECUESTROS,TASA BRUTA,16928873,2009,01/01/2009 12:00:00 AM,1.45,"(-30.0, -71.0)"
Chile,SUICIDIOS,TASA BRUTA,15682720,2009,01/01/2009 12:00:00 AM,13.7,"(-30.0, -71.0)"
Chile,SUICIDIOS,CASOS,15682720,2009,01/01/2009 12:00:00 AM,2148,"(-30.0, -71.0)"
Chile,SUICIDIOS,TASA INDIRECTA,15682720,2009,01/01/2009 12:00:00 AM,14.27,"(-30.0, -71.0)"
Chile,VIOLENCIA INTRAFAMILIAR,TASA BRUTA,16928873,2009,01/01/2009 12:00:00 AM,834.2,"(-30.0, -71.0)"
Chile,VIOLENCIA INTRAFAMILIAR,CASOS,16928873,2009,01/01/2009 12:00:00 AM,141221,"(-30.0, -71.0)"
Colombia,DELITOS SEXUALES,CASOS,44978832,2009,01/01/2009 12:00:00 AM,23430,"(4.0, -72.0)"
Colombia,DELITOS SEXUALES,TASA BRUTA,44978832,2009,01/01/2009 12:00:00 AM,52.09,"(4.0, -72.0)"
Colombia,HOMICIDIOS TOTALES,CASOS,44978832,2009,01/01/2009 12:00:00 AM,15817,"(4.0, -72.0)"
Colombia,HOMICIDIOS TOTALES,TASA BRUTA,44978832,2009,01/01/2009 12:00:00 AM,35.17,"(4.0, -72.0)"
Colombia,HOMICIDIOS TOTALES,TASA INDIRECTA,44978832,2009,01/01/2009 12:00:00 AM,33.04,"(4.0, -72.0)"
Colombia,HURTO,CASOS,44978832,2009,01/01/2009 12:00:00 AM,141488,"(4.0, -72.0)"
Colombia,HURTO,TASA BRUTA,44978832,2009,01/01/2009 12:00:00 AM,314.57,"(4.0, -72.0)"
Colombia,MUERTES POR ARMA DE FUEGO TOTALES,CASOS,44978832,2009,01/01/2009 12:00:00 AM,14497,"(4.0, -72.0)"
Colombia,MUERTES POR ARMA DE FUEGO TOTALES,TASA INDIRECTA,44978832,2009,01/01/2009 12:00:00 AM,30.28,"(4.0, -72.0)"
Colombia,MUERTES POR ARMA DE FUEGO TOTALES,TASA BRUTA,44978832,2009,01/01/2009 12:00:00 AM,32.229999999999997,"(4.0, -72.0)"
Colombia,MUERTES POR LESIONES DE TRÁNSITO TOTALES,TASA BRUTA,44978832,2009,01/01/2009 12:00:00 AM,12.87,"(4.0, -72.0)"
Colombia,MUERTES POR LESIONES DE TRÁNSITO TOTALES,CASOS,44978832,2009,01/01/2009 12:00:00 AM,5791,"(4.0, -72.0)"
Colombia,MUERTES POR LESIONES DE TRÁNSITO TOTALES,TASA INDIRECTA,44978832,2009,01/01/2009 12:00:00 AM,13.58,"(4.0, -72.0)"
Colombia,ROBO,CASOS,44978832,2009,01/01/2009 12:00:00 AM,80458,"(4.0, -72.0)"
Colombia,ROBO,TASA BRUTA,44978832,2009,01/01/2009 12:00:00 AM,178.88,"(4.0, -72.0)"
Colombia,SECUESTROS,TASA INDIRECTA,44978832,2009,01/01/2009 12:00:00 AM,0.35,"(4.0, -72.0)"
Colombia,SECUESTROS,CASOS,44978832,2009,01/01/2009 12:00:00 AM,160,"(4.0, -72.0)"
Colombia,SECUESTROS,TASA BRUTA,44978832,2009,01/01/2009 12:00:00 AM,0.36,"(4.0, -72.0)"
Colombia,SUICIDIOS,TASA BRUTA,40699428,2009,01/01/2009 12:00:00 AM,4.53,"(4.0, -72.0)"
Colombia,SUICIDIOS,CASOS,40699428,2009,01/01/2009 12:00:00 AM,1845,"(4.0, -72.0)"
Colombia,SUICIDIOS,TASA INDIRECTA,40699428,2009,01/01/2009 12:00:00 AM,5.12,"(4.0, -72.0)"
Colombia,VIOLENCIA INTRAFAMILIAR,TASA BRUTA,44978832,2009,01/01/2009 12:00:00 AM,154.96,"(4.0, -72.0)"
Colombia,VIOLENCIA INTRAFAMILIAR,CASOS,44978832,2009,01/01/2009 12:00:00 AM,69699,"(4.0, -72.0)"
Costa Rica,DELITOS SEXUALES,CASOS,4469337,2009,01/01/2009 12:00:00 AM,6501,"(10.0, -84.0)"
Costa Rica,DELITOS SEXUALES,TASA BRUTA,4469337,2009,01/01/2009 12:00:00 AM,145.46,"(10.0, -84.0)"
Costa Rica,HOMICIDIOS TOTALES,CASOS,4469337,2009,01/01/2009 12:00:00 AM,525,"(10.0, -84.0)"
Costa Rica,HOMICIDIOS TOTALES,TASA BRUTA,4469337,2009,01/01/2009 12:00:00 AM,11.75,"(10.0, -84.0)"
Costa Rica,HOMICIDIOS TOTALES,TASA INDIRECTA,4469337,2009,01/01/2009 12:00:00 AM,10.49,"(10.0, -84.0)"
Costa Rica,HURTO,TASA BRUTA,4469337,2009,01/01/2009 12:00:00 AM,393.7,"(10.0, -84.0)"
Costa Rica,HURTO,CASOS,4469337,2009,01/01/2009 12:00:00 AM,17596,"(10.0, -84.0)"
Costa Rica,MUERTES POR ARMA DE FUEGO TOTALES,TASA INDIRECTA,4469337,2009,01/01/2009 12:00:00 AM,8.17,"(10.0, -84.0)"
Costa Rica,MUERTES POR ARMA DE FUEGO TOTALES,CASOS,4469337,2009,01/01/2009 12:00:00 AM,409,"(10.0, -84.0)"
Costa Rica,MUERTES POR ARMA DE FUEGO TOTALES,TASA BRUTA,4469337,2009,01/01/2009 12:00:00 AM,9.15,"(10.0, -84.0)"
Costa Rica,MUERTES POR LESIONES DE TRÁNSITO TOTALES,CASOS,4469337,2009,01/01/2009 12:00:00 AM,721,"(10.0, -84.0)"
Costa Rica,MUERTES POR LESIONES DE TRÁNSITO TOTALES,TASA BRUTA,4469337,2009,01/01/2009 12:00:00 AM,16.13,"(10.0, -84.0)"
Costa Rica,MUERTES POR LESIONES DE TRÁNSITO TOTALES,TASA INDIRECTA,4469337,2009,01/01/2009 12:00:00 AM,16.350000000000001,"(10.0, -84.0)"
Costa Rica,ROBO,TASA BRUTA,4469337,2009,01/01/2009 12:00:00 AM,1019.05,"(10.0, -84.0)"
Costa Rica,ROBO,CASOS,4469337,2009,01/01/2009 12:00:00 AM,45545,"(10.0, -84.0)"
Costa Rica,ROBO AUTOS,CASOS,,2009,01/01/2009 12:00:00 AM,6873,"(10.0, -84.0)"
Costa Rica,SECUESTROS,CASOS,4469337,2009,01/01/2009 12:00:00 AM,5,"(10.0, -84.0)"
Costa Rica,SECUESTROS,TASA INDIRECTA,4469337,2009,01/01/2009 12:00:00 AM,0.11,"(10.0, -84.0)"
Costa Rica,SECUESTROS,TASA BRUTA,4469337,2009,01/01/2009 12:00:00 AM,0.11,"(10.0, -84.0)"
Costa Rica,SUICIDIOS,TASA BRUTA,4107374,2009,01/01/2009 12:00:00 AM,8.81,"(10.0, -84.0)"
Costa Rica,SUICIDIOS,CASOS,4107374,2009,01/01/2009 12:00:00 AM,362,"(10.0, -84.0)"
Costa Rica,SUICIDIOS,TASA INDIRECTA,4107374,2009,01/01/2009 12:00:00 AM,9.630000000000001,"(10.0, -84.0)"
Costa Rica,VIOLENCIA INTRAFAMILIAR,CASOS,4469337,2009,01/01/2009 12:00:00 AM,52104,"(10.0, -84.0)"
Costa Rica,VIOLENCIA INTRAFAMILIAR,TASA BRUTA,4469337,2009,01/01/2009 12:00:00 AM,1165.81,"(10.0, -84.0)"
Ecuador,DELITOS SEXUALES,CASOS,14005449,2009,01/01/2009 12:00:00 AM,5034,"(-2.0, -77.5)"
Ecuador,DELITOS SEXUALES,TASA BRUTA,14005449,2009,01/01/2009 12:00:00 AM,35.94,"(-2.0, -77.5)"
Ecuador,HOMICIDIOS TOTALES,TASA BRUTA,14005449,2009,01/01/2009 12:00:00 AM,18.739999999999998,"(-2.0, -77.5)"
Ecuador,HOMICIDIOS TOTALES,TASA INDIRECTA,14005449,2009,01/01/2009 12:00:00 AM,17.440000000000001,"(-2.0, -77.5)"
Ecuador,HOMICIDIOS TOTALES,CASOS,14005449,2009,01/01/2009 12:00:00 AM,2625,"(-2.0, -77.5)"
Ecuador,MUERTES POR ARMA DE FUEGO TOTALES,TASA INDIRECTA,14005449,2009,01/01/2009 12:00:00 AM,11.64,"(-2.0, -77.5)"
Ecuador,MUERTES POR ARMA DE FUEGO TOTALES,TASA BRUTA,14005449,2009,01/01/2009 12:00:00 AM,12.51,"(-2.0, -77.5)"
Ecuador,MUERTES POR ARMA DE FUEGO TOTALES,CASOS,14005449,2009,01/01/2009 12:00:00 AM,1752,"(-2.0, -77.5)"
Ecuador,MUERTES POR LESIONES DE TRÁNSITO TOTALES,TASA BRUTA,14005449,2009,01/01/2009 12:00:00 AM,10.15,"(-2.0, -77.5)"
Ecuador,MUERTES POR LESIONES DE TRÁNSITO TOTALES,CASOS,14005449,2009,01/01/2009 12:00:00 AM,1422,"(-2.0, -77.5)"
Ecuador,MUERTES POR LESIONES DE TRÁNSITO TOTALES,TASA INDIRECTA,14005449,2009,01/01/2009 12:00:00 AM,10.82,"(-2.0, -77.5)"
Ecuador,ROBO,TASA BRUTA,14005449,2009,01/01/2009 12:00:00 AM,101.54,"(-2.0, -77.5)"
Ecuador,ROBO,CASOS,14005449,2009,01/01/2009 12:00:00 AM,14221,"(-2.0, -77.5)"
Ecuador,SECUESTROS,TASA INDIRECTA,14005449,2009,01/01/2009 12:00:00 AM,0.2,"(-2.0, -77.5)"
Ecuador,SECUESTROS,CASOS,14005449,2009,01/01/2009 12:00:00 AM,28,"(-2.0, -77.5)"
Ecuador,SECUESTROS,TASA BRUTA,14005449,2009,01/01/2009 12:00:00 AM,0.2,"(-2.0, -77.5)"
Ecuador,SUICIDIOS,TASA INDIRECTA,12573545,2009,01/01/2009 12:00:00 AM,6.59,"(-2.0, -77.5)"
Ecuador,SUICIDIOS,CASOS,12573545,2009,01/01/2009 12:00:00 AM,715,"(-2.0, -77.5)"
Ecuador,SUICIDIOS,TASA BRUTA,12573545,2009,01/01/2009 12:00:00 AM,5.69,"(-2.0, -77.5)"
Ecuador,VIOLENCIA INTRAFAMILIAR,TASA BRUTA,14005449,2009,01/01/2009 12:00:00 AM,520.14,"(-2.0, -77.5)"
Ecuador,VIOLENCIA INTRAFAMILIAR,CASOS,14005449,2009,01/01/2009 12:00:00 AM,72848,"(-2.0, -77.5)"
El Salvador,DELITOS SEXUALES,TASA BRUTA,6152558,2009,01/01/2009 12:00:00 AM,27.55,"(13.8333, -88.9167)"
El Salvador,DELITOS SEXUALES,CASOS,6152558,2009,01/01/2009 12:00:00 AM,1695,"(13.8333, -88.9167)"
El Salvador,HOMICIDIOS TOTALES,TASA INDIRECTA,6152558,2009,01/01/2009 12:00:00 AM,68,"(13.8333, -88.9167)"
El Salvador,HOMICIDIOS TOTALES,TASA BRUTA,6152558,2009,01/01/2009 12:00:00 AM,71.22,"(13.8333, -88.9167)"
El Salvador,HOMICIDIOS TOTALES,CASOS,6152558,2009,01/01/2009 12:00:00 AM,4382,"(13.8333, -88.9167)"
El Salvador,MUERTES POR ARMA DE FUEGO TOTALES,TASA INDIRECTA,6152558,2009,01/01/2009 12:00:00 AM,51.54,"(13.8333, -88.9167)"
El Salvador,MUERTES POR ARMA DE FUEGO TOTALES,CASOS,6152558,2009,01/01/2009 12:00:00 AM,3321,"(13.8333, -88.9167)"
El Salvador,MUERTES POR ARMA DE FUEGO TOTALES,TASA BRUTA,6152558,2009,01/01/2009 12:00:00 AM,53.98,"(13.8333, -88.9167)"
El Salvador,MUERTES POR LESIONES DE TRÁNSITO TOTALES,CASOS,6152558,2009,01/01/2009 12:00:00 AM,1118,"(13.8333, -88.9167)"
El Salvador,MUERTES POR LESIONES DE TRÁNSITO TOTALES,TASA INDIRECTA,6152558,2009,01/01/2009 12:00:00 AM,19.53,"(13.8333, -88.9167)"
El Salvador,MUERTES POR LESIONES DE TRÁNSITO TOTALES,TASA BRUTA,6152558,2009,01/01/2009 12:00:00 AM,18.170000000000002,"(13.8333, -88.9167)"
El Salvador,ROBO,CASOS,6152558,2009,01/01/2009 12:00:00 AM,6301,"(13.8333, -88.9167)"
El Salvador,ROBO,TASA BRUTA,6152558,2009,01/01/2009 12:00:00 AM,102.41,"(13.8333, -88.9167)"
El Salvador,SECUESTROS,TASA INDIRECTA,6152558,2009,01/01/2009 12:00:00 AM,0.1,"(13.8333, -88.9167)"
El Salvador,SECUESTROS,TASA BRUTA,6152558,2009,01/01/2009 12:00:00 AM,0.1,"(13.8333, -88.9167)"
El Salvador,SECUESTROS,CASOS,6152558,2009,01/01/2009 12:00:00 AM,6,"(13.8333, -88.9167)"
El Salvador,SUICIDIOS,TASA BRUTA,5544145,2009,01/01/2009 12:00:00 AM,1.64,"(13.8333, -88.9167)"
El Salvador,SUICIDIOS,CASOS,5544145,2009,01/01/2009 12:00:00 AM,91,"(13.8333, -88.9167)"
El Salvador,SUICIDIOS,TASA INDIRECTA,5544145,2009,01/01/2009 12:00:00 AM,1.98,"(13.8333, -88.9167)"
El Salvador,VIOLENCIA INTRAFAMILIAR,TASA BRUTA,6152558,2009,01/01/2009 12:00:00 AM,13.77,"(13.8333, -88.9167)"
El Salvador,VIOLENCIA INTRAFAMILIAR,CASOS,6152558,2009,01/01/2009 12:00:00 AM,847,"(13.8333, -88.9167)"
Guyana,DELITOS SEXUALES,TASA BRUTA,767083,2009,01/01/2009 12:00:00 AM,9.26,"(5.0, -59.0)"
Guyana,DELITOS SEXUALES,CASOS,767083,2009,01/01/2009 12:00:00 AM,71,"(5.0, -59.0)"
Guyana,HOMICIDIOS TOTALES,CASOS,767083,2009,01/01/2009 12:00:00 AM,117,"(5.0, -59.0)"
Guyana,HOMICIDIOS TOTALES,TASA INDIRECTA,767083,2009,01/01/2009 12:00:00 AM,14.66,"(5.0, -59.0)"
Guyana,HOMICIDIOS TOTALES,TASA BRUTA,767083,2009,01/01/2009 12:00:00 AM,15.25,"(5.0, -59.0)"
Guyana,MUERTES POR ARMA DE FUEGO TOTALES,TASA INDIRECTA,767083,2009,01/01/2009 12:00:00 AM,1,"(5.0, -59.0)"
Guyana,MUERTES POR ARMA DE FUEGO TOTALES,TASA BRUTA,767083,2009,01/01/2009 12:00:00 AM,1.04,"(5.0, -59.0)"
Guyana,MUERTES POR ARMA DE FUEGO TOTALES,CASOS,767083,2009,01/01/2009 12:00:00 AM,8,"(5.0, -59.0)"
Guyana,MUERTES POR LESIONES DE TRÁNSITO TOTALES,TASA BRUTA,767083,2009,01/01/2009 12:00:00 AM,15.25,"(5.0, -59.0)"
Guyana,MUERTES POR LESIONES DE TRÁNSITO TOTALES,CASOS,767083,2009,01/01/2009 12:00:00 AM,117,"(5.0, -59.0)"
Guyana,MUERTES POR LESIONES DE TRÁNSITO TOTALES,TASA INDIRECTA,767083,2009,01/01/2009 12:00:00 AM,16.72,"(5.0, -59.0)"
Guyana,ROBO,TASA BRUTA,767083,2009,01/01/2009 12:00:00 AM,157.87,"(5.0, -59.0)"
Guyana,ROBO,CASOS,767083,2009,01/01/2009 12:00:00 AM,1211,"(5.0, -59.0)"
Guyana,SUICIDIOS,TASA INDIRECTA,695716,2009,01/01/2009 12:00:00 AM,20.21,"(5.0, -59.0)"
Guyana,SUICIDIOS,CASOS,695716,2009,01/01/2009 12:00:00 AM,119,"(5.0, -59.0)"
Guyana,SUICIDIOS,TASA BRUTA,695716,2009,01/01/2009 12:00:00 AM,17.100000000000001,"(5.0, -59.0)"
Honduras,DELITOS SEXUALES,TASA BRUTA,7876662,2009,01/01/2009 12:00:00 AM,45.36,"(15.0, -86.5)"
Honduras,DELITOS SEXUALES,CASOS,7876662,2009,01/01/2009 12:00:00 AM,3573,"(15.0, -86.5)"
Honduras,HOMICIDIOS TOTALES,TASA INDIRECTA,7876662,2009,01/01/2009 12:00:00 AM,63.61,"(15.0, -86.5)"
Honduras,HOMICIDIOS TOTALES,CASOS,7876662,2009,01/01/2009 12:00:00 AM,5265,"(15.0, -86.5)"
Honduras,HOMICIDIOS TOTALES,TASA BRUTA,7876662,2009,01/01/2009 12:00:00 AM,66.84,"(15.0, -86.5)"
Honduras,HURTO,TASA BRUTA,7876662,2009,01/01/2009 12:00:00 AM,67.52,"(15.0, -86.5)"
Honduras,HURTO,CASOS,7876662,2009,01/01/2009 12:00:00 AM,5318,"(15.0, -86.5)"
Honduras,MALTRATO DE NIÑOS NIÑAS ADOLESCENTES,TASA BRUTA,3582494,2009,01/01/2009 12:00:00 AM,0.3,"(15.0, -86.5)"
Honduras,MALTRATO DE NIÑOS NIÑAS ADOLESCENTES,CASOS,3582494,2009,01/01/2009 12:00:00 AM,1065,"(15.0, -86.5)"
Honduras,MUERTES POR ARMA DE FUEGO TOTALES,CASOS,7876662,2009,01/01/2009 12:00:00 AM,4285,"(15.0, -86.5)"
Honduras,MUERTES POR ARMA DE FUEGO TOTALES,TASA INDIRECTA,7876662,2009,01/01/2009 12:00:00 AM,51.77,"(15.0, -86.5)"
Honduras,MUERTES POR ARMA DE FUEGO TOTALES,TASA BRUTA,7876662,2009,01/01/2009 12:00:00 AM,54.4,"(15.0, -86.5)"
Honduras,MUERTES POR LESIONES DE TRÁNSITO TOTALES,TASA BRUTA,7876662,2009,01/01/2009 12:00:00 AM,15.23,"(15.0, -86.5)"
Honduras,MUERTES POR LESIONES DE TRÁNSITO TOTALES,TASA INDIRECTA,7876662,2009,01/01/2009 12:00:00 AM,17.420000000000002,"(15.0, -86.5)"
Honduras,MUERTES POR LESIONES DE TRÁNSITO TOTALES,CASOS,7876662,2009,01/01/2009 12:00:00 AM,1200,"(15.0, -86.5)"
Honduras,ROBO,TASA BRUTA,7876662,2009,01/01/2009 12:00:00 AM,262.24,"(15.0, -86.5)"
Honduras,ROBO,CASOS,7876662,2009,01/01/2009 12:00:00 AM,20656,"(15.0, -86.5)"
Honduras,SECUESTROS,TASA INDIRECTA,7876662,2009,01/01/2009 12:00:00 AM,1.61,"(15.0, -86.5)"
Honduras,SECUESTROS,TASA BRUTA,7876662,2009,01/01/2009 12:00:00 AM,1.41,"(15.0, -86.5)"
Honduras,SECUESTROS,CASOS,7876662,2009,01/01/2009 12:00:00 AM,111,"(15.0, -86.5)"
Honduras,SUICIDIOS,CASOS,6800988,2009,01/01/2009 12:00:00 AM,422,"(15.0, -86.5)"
Honduras,SUICIDIOS,TASA INDIRECTA,6800988,2009,01/01/2009 12:00:00 AM,8.06,"(15.0, -86.5)"
Honduras,SUICIDIOS,TASA BRUTA,6800988,2009,01/01/2009 12:00:00 AM,6.2,"(15.0, -86.5)"
Honduras,VIOLENCIA INTRAFAMILIAR,TASA BRUTA,7876662,2009,01/01/2009 12:00:00 AM,172.94,"(15.0, -86.5)"
Honduras,VIOLENCIA INTRAFAMILIAR,CASOS,7876662,2009,01/01/2009 12:00:00 AM,13622,"(15.0, -86.5)"
Jamaica,DELITOS SEXUALES,TASA BRUTA,2681386,2009,01/01/2009 12:00:00 AM,26.37,"(18.25, -77.5)"
Jamaica,DELITOS SEXUALES,CASOS,2681386,2009,01/01/2009 12:00:00 AM,707,"(18.25, -77.5)"
Jamaica,HOMICIDIOS TOTALES,TASA INDIRECTA,2681386,2009,01/01/2009 12:00:00 AM,58.16,"(18.25, -77.5)"
Jamaica,HOMICIDIOS TOTALES,TASA BRUTA,2681386,2009,01/01/2009 12:00:00 AM,62.77,"(18.25, -77.5)"
Jamaica,HOMICIDIOS TOTALES,CASOS,2681386,2009,01/01/2009 12:00:00 AM,1683,"(18.25, -77.5)"
Jamaica,HURTO,TASA BRUTA,2681386,2009,01/01/2009 12:00:00 AM,19.690000000000001,"(18.25, -77.5)"
Jamaica,HURTO,CASOS,2681386,2009,01/01/2009 12:00:00 AM,528,"(18.25, -77.5)"
Jamaica,MALTRATO DE NIÑOS NIÑAS ADOLESCENTES,CASOS,2698800,2009,01/01/2009 12:00:00 AM,4731,"(18.25, -77.5)"
Jamaica,MALTRATO DE NIÑOS NIÑAS ADOLESCENTES,TASA BRUTA,2698800,2009,01/01/2009 12:00:00 AM,1.75,"(18.25, -77.5)"
Jamaica,MUERTES POR ARMA DE FUEGO TOTALES,TASA INDIRECTA,2681386,2009,01/01/2009 12:00:00 AM,44.61,"(18.25, -77.5)"
Jamaica,MUERTES POR ARMA DE FUEGO TOTALES,TASA BRUTA,2681386,2009,01/01/2009 12:00:00 AM,48.15,"(18.25, -77.5)"
Jamaica,MUERTES POR ARMA DE FUEGO TOTALES,CASOS,2681386,2009,01/01/2009 12:00:00 AM,1291,"(18.25, -77.5)"
Jamaica,MUERTES POR LESIONES DE TRÁNSITO TOTALES,TASA BRUTA,2681386,2009,01/01/2009 12:00:00 AM,12.94,"(18.25, -77.5)"
Jamaica,MUERTES POR LESIONES DE TRÁNSITO TOTALES,TASA INDIRECTA,2681386,2009,01/01/2009 12:00:00 AM,13.31,"(18.25, -77.5)"
Jamaica,MUERTES POR LESIONES DE TRÁNSITO TOTALES,CASOS,2681386,2009,01/01/2009 12:00:00 AM,347,"(18.25, -77.5)"
Jamaica,ROBO,TASA BRUTA,2681386,2009,01/01/2009 12:00:00 AM,112.74,"(18.25, -77.5)"
Jamaica,ROBO,CASOS,2681386,2009,01/01/2009 12:00:00 AM,3023,"(18.25, -77.5)"
Jamaica,ROBO AUTOS,CASOS,,2009,01/01/2009 12:00:00 AM,261,"(18.25, -77.5)"
Jamaica,SECUESTROS,TASA INDIRECTA,2681386,2009,01/01/2009 12:00:00 AM,0.14,"(18.25, -77.5)"
Jamaica,SECUESTROS,TASA BRUTA,2681386,2009,01/01/2009 12:00:00 AM,0.15,"(18.25, -77.5)"
Jamaica,SECUESTROS,CASOS,2681386,2009,01/01/2009 12:00:00 AM,4,"(18.25, -77.5)"
Jamaica,SUICIDIOS,CASOS,2459891,2009,01/01/2009 12:00:00 AM,56,"(18.25, -77.5)"
Jamaica,SUICIDIOS,TASA BRUTA,2459891,2009,01/01/2009 12:00:00 AM,2.28,"(18.25, -77.5)"
Jamaica,SUICIDIOS,TASA INDIRECTA,2459891,2009,01/01/2009 12:00:00 AM,2.55,"(18.25, -77.5)"
Jamaica,VIOLENCIA INTRAFAMILIAR,TASA BRUTA,2681386,2009,01/01/2009 12:00:00 AM,2.69,"(18.25, -77.5)"
Jamaica,VIOLENCIA INTRAFAMILIAR,CASOS,2681386,2009,01/01/2009 12:00:00 AM,72,"(18.25, -77.5)"
México,DELITOS SEXUALES,CASOS,107550697,2009,01/01/2009 12:00:00 AM,33612,"(23.0, -102.0)"
México,DELITOS SEXUALES,TASA BRUTA,107550697,2009,01/01/2009 12:00:00 AM,31.25,"(23.0, -102.0)"
México,HOMICIDIOS TOTALES,TASA BRUTA,107550697,2009,01/01/2009 12:00:00 AM,18.41,"(23.0, -102.0)"
México,HOMICIDIOS TOTALES,CASOS,107550697,2009,01/01/2009 12:00:00 AM,19803,"(23.0, -102.0)"
México,HOMICIDIOS TOTALES,TASA INDIRECTA,107550697,2009,01/01/2009 12:00:00 AM,16.89,"(23.0, -102.0)"
México,MUERTES POR ARMA DE FUEGO TOTALES,CASOS,107550697,2009,01/01/2009 12:00:00 AM,8875,"(23.0, -102.0)"
México,MUERTES POR ARMA DE FUEGO TOTALES,TASA BRUTA,107550697,2009,01/01/2009 12:00:00 AM,8.25,"(23.0, -102.0)"
México,MUERTES POR ARMA DE FUEGO TOTALES,TASA INDIRECTA,107550697,2009,01/01/2009 12:00:00 AM,7.57,"(23.0, -102.0)"
México,MUERTES POR LESIONES DE TRÁNSITO TOTALES,TASA INDIRECTA,107550697,2009,01/01/2009 12:00:00 AM,17.89,"(23.0, -102.0)"
México,MUERTES POR LESIONES DE TRÁNSITO TOTALES,CASOS,107550697,2009,01/01/2009 12:00:00 AM,18337,"(23.0, -102.0)"
México,MUERTES POR LESIONES DE TRÁNSITO TOTALES,TASA BRUTA,107550697,2009,01/01/2009 12:00:00 AM,17.05,"(23.0, -102.0)"
México,ROBO,CASOS,107550697,2009,01/01/2009 12:00:00 AM,680566,"(23.0, -102.0)"
México,ROBO,TASA BRUTA,107550697,2009,01/01/2009 12:00:00 AM,632.79,"(23.0, -102.0)"
México,ROBO AUTOS,TASA BRUTA,30904659,2009,01/01/2009 12:00:00 AM,65.52,"(23.0, -102.0)"
México,ROBO AUTOS,CASOS,30904659,2009,01/01/2009 12:00:00 AM,202480,"(23.0, -102.0)"
México,SECUESTROS,TASA BRUTA,107550697,2009,01/01/2009 12:00:00 AM,1.08,"(23.0, -102.0)"
México,SECUESTROS,TASA INDIRECTA,107550697,2009,01/01/2009 12:00:00 AM,1.06,"(23.0, -102.0)"
México,SECUESTROS,CASOS,107550697,2009,01/01/2009 12:00:00 AM,1162,"(23.0, -102.0)"
México,SUICIDIOS,TASA INDIRECTA,97972118,2009,01/01/2009 12:00:00 AM,6.02,"(23.0, -102.0)"
México,SUICIDIOS,TASA BRUTA,97972118,2009,01/01/2009 12:00:00 AM,5.3,"(23.0, -102.0)"
México,SUICIDIOS,CASOS,97972118,2009,01/01/2009 12:00:00 AM,5190,"(23.0, -102.0)"
México,VIOLENCIA INTRAFAMILIAR,TASA BRUTA,107550697,2009,01/01/2009 12:00:00 AM,30.45,"(23.0, -102.0)"
México,VIOLENCIA INTRAFAMILIAR,CASOS,107550697,2009,01/01/2009 12:00:00 AM,32750,"(23.0, -102.0)"
Nicaragua,DELITOS SEXUALES,TASA BRUTA,5742309,2009,01/01/2009 12:00:00 AM,71.709999999999994,"(13.0, -85.0)"
Nicaragua,DELITOS SEXUALES,CASOS,5742309,2009,01/01/2009 12:00:00 AM,4118,"(13.0, -85.0)"
Nicaragua,HOMICIDIOS TOTALES,CASOS,5742309,2009,01/01/2009 12:00:00 AM,754,"(13.0, -85.0)"
Nicaragua,HOMICIDIOS TOTALES,TASA BRUTA,5742309,2009,01/01/2009 12:00:00 AM,13.13,"(13.0, -85.0)"
Nicaragua,HOMICIDIOS TOTALES,TASA INDIRECTA,5742309,2009,01/01/2009 12:00:00 AM,11.96,"(13.0, -85.0)"
Nicaragua,HURTO,CASOS,5742309,2009,01/01/2009 12:00:00 AM,12739,"(13.0, -85.0)"
Nicaragua,HURTO,TASA BRUTA,5742309,2009,01/01/2009 12:00:00 AM,221.84,"(13.0, -85.0)"
Nicaragua,MUERTES POR ARMA DE FUEGO TOTALES,CASOS,5742309,2009,01/01/2009 12:00:00 AM,338,"(13.0, -85.0)"
Nicaragua,MUERTES POR ARMA DE FUEGO TOTALES,TASA INDIRECTA,5742309,2009,01/01/2009 12:00:00 AM,5.36,"(13.0, -85.0)"
Nicaragua,MUERTES POR ARMA DE FUEGO TOTALES,TASA BRUTA,5742309,2009,01/01/2009 12:00:00 AM,5.89,"(13.0, -85.0)"
Nicaragua,MUERTES POR LESIONES DE TRÁNSITO TOTALES,TASA INDIRECTA,5742309,2009,01/01/2009 12:00:00 AM,11.41,"(13.0, -85.0)"
Nicaragua,MUERTES POR LESIONES DE TRÁNSITO TOTALES,TASA BRUTA,5742309,2009,01/01/2009 12:00:00 AM,10.47,"(13.0, -85.0)"
Nicaragua,MUERTES POR LESIONES DE TRÁNSITO TOTALES,CASOS,5742309,2009,01/01/2009 12:00:00 AM,601,"(13.0, -85.0)"
Nicaragua,ROBO,TASA BRUTA,5742309,2009,01/01/2009 12:00:00 AM,564.96,"(13.0, -85.0)"
Nicaragua,ROBO,CASOS,5742309,2009,01/01/2009 12:00:00 AM,32442,"(13.0, -85.0)"
Nicaragua,ROBO AUTOS,TASA BRUTA,419477,2009,01/01/2009 12:00:00 AM,6.77,"(13.0, -85.0)"
Nicaragua,ROBO AUTOS,CASOS,419477,2009,01/01/2009 12:00:00 AM,284,"(13.0, -85.0)"
Nicaragua,SECUESTROS,TASA BRUTA,5742309,2009,01/01/2009 12:00:00 AM,0.1,"(13.0, -85.0)"
Nicaragua,SECUESTROS,TASA INDIRECTA,5742309,2009,01/01/2009 12:00:00 AM,0.11,"(13.0, -85.0)"
Nicaragua,SECUESTROS,CASOS,5742309,2009,01/01/2009 12:00:00 AM,6,"(13.0, -85.0)"
Nicaragua,SUICIDIOS,TASA INDIRECTA,5062174,2009,01/01/2009 12:00:00 AM,4.3,"(13.0, -85.0)"
Nicaragua,SUICIDIOS,TASA BRUTA,5062174,2009,01/01/2009 12:00:00 AM,3.44,"(13.0, -85.0)"
Nicaragua,SUICIDIOS,CASOS,5062174,2009,01/01/2009 12:00:00 AM,174,"(13.0, -85.0)"
Nicaragua,VIOLENCIA INTRAFAMILIAR,CASOS,5742309,2009,01/01/2009 12:00:00 AM,3858,"(13.0, -85.0)"
Nicaragua,VIOLENCIA INTRAFAMILIAR,TASA BRUTA,5742309,2009,01/01/2009 12:00:00 AM,67.19,"(13.0, -85.0)"
Panamá,DELITOS SEXUALES,TASA BRUTA,3600000,2009,01/01/2009 12:00:00 AM,50.03,"(9.0, -80.0)"
Panamá,DELITOS SEXUALES,CASOS,3600000,2009,01/01/2009 12:00:00 AM,1801,"(9.0, -80.0)"
Panamá,HOMICIDIOS TOTALES,CASOS,3600000,2009,01/01/2009 12:00:00 AM,818,"(9.0, -80.0)"
Panamá,HOMICIDIOS TOTALES,TASA INDIRECTA,3600000,2009,01/01/2009 12:00:00 AM,21.38,"(9.0, -80.0)"
Panamá,HOMICIDIOS TOTALES,TASA BRUTA,3600000,2009,01/01/2009 12:00:00 AM,22.72,"(9.0, -80.0)"
Panamá,HURTO,TASA BRUTA,3600000,2009,01/01/2009 12:00:00 AM,504.67,"(9.0, -80.0)"
Panamá,HURTO,CASOS,3600000,2009,01/01/2009 12:00:00 AM,18168,"(9.0, -80.0)"
Panamá,MALTRATO DE NIÑOS NIÑAS ADOLESCENTES,TASA BRUTA,3527764,2009,01/01/2009 12:00:00 AM,0.14,"(9.0, -80.0)"
Panamá,MALTRATO DE NIÑOS NIÑAS ADOLESCENTES,CASOS,3527764,2009,01/01/2009 12:00:00 AM,489,"(9.0, -80.0)"
Panamá,MUERTES POR ARMA DE FUEGO TOTALES,TASA INDIRECTA,3600000,2009,01/01/2009 12:00:00 AM,17.440000000000001,"(9.0, -80.0)"
Panamá,MUERTES POR ARMA DE FUEGO TOTALES,TASA BRUTA,3600000,2009,01/01/2009 12:00:00 AM,18.53,"(9.0, -80.0)"
Panamá,MUERTES POR ARMA DE FUEGO TOTALES,CASOS,3600000,2009,01/01/2009 12:00:00 AM,667,"(9.0, -80.0)"
Panamá,MUERTES POR LESIONES DE TRÁNSITO TOTALES,CASOS,3600000,2009,01/01/2009 12:00:00 AM,434,"(9.0, -80.0)"
Panamá,MUERTES POR LESIONES DE TRÁNSITO TOTALES,TASA BRUTA,3600000,2009,01/01/2009 12:00:00 AM,12.06,"(9.0, -80.0)"
Panamá,MUERTES POR LESIONES DE TRÁNSITO TOTALES,TASA INDIRECTA,3600000,2009,01/01/2009 12:00:00 AM,12.83,"(9.0, -80.0)"
Panamá,ROBO,TASA BRUTA,3600000,2009,01/01/2009 12:00:00 AM,274.77999999999997,"(9.0, -80.0)"
Panamá,ROBO,CASOS,3600000,2009,01/01/2009 12:00:00 AM,9892,"(9.0, -80.0)"
Panamá,ROBO AUTOS,CASOS,,2009,01/01/2009 12:00:00 AM,1422,"(9.0, -80.0)"
Panamá,SECUESTROS,TASA INDIRECTA,3600000,2009,01/01/2009 12:00:00 AM,1.04,"(9.0, -80.0)"
Panamá,SECUESTROS,TASA BRUTA,3600000,2009,01/01/2009 12:00:00 AM,1.06,"(9.0, -80.0)"
Panamá,SECUESTROS,CASOS,3600000,2009,01/01/2009 12:00:00 AM,38,"(9.0, -80.0)"
Panamá,SUICIDIOS,TASA INDIRECTA,3236581,2009,01/01/2009 12:00:00 AM,2.12,"(9.0, -80.0)"
Panamá,SUICIDIOS,TASA BRUTA,3236581,2009,01/01/2009 12:00:00 AM,1.88,"(9.0, -80.0)"
Panamá,SUICIDIOS,CASOS,3236581,2009,01/01/2009 12:00:00 AM,61,"(9.0, -80.0)"
Panamá,VIOLENCIA INTRAFAMILIAR,CASOS,3600000,2009,01/01/2009 12:00:00 AM,5241,"(9.0, -80.0)"
Panamá,VIOLENCIA INTRAFAMILIAR,TASA BRUTA,3600000,2009,01/01/2009 12:00:00 AM,145.58000000000001,"(9.0, -80.0)"
Paraguay,DELITOS SEXUALES,TASA BRUTA,6340639,2009,01/01/2009 12:00:00 AM,48.95,"(-23.0, -58.0)"
Paraguay,DELITOS SEXUALES,CASOS,6340639,2009,01/01/2009 12:00:00 AM,3104,"(-23.0, -58.0)"
Paraguay,HOMICIDIOS TOTALES,TASA BRUTA,6340639,2009,01/01/2009 12:00:00 AM,13.11,"(-23.0, -58.0)"
Paraguay,HOMICIDIOS TOTALES,TASA INDIRECTA,6340639,2009,01/01/2009 12:00:00 AM,12.17,"(-23.0, -58.0)"
Paraguay,HOMICIDIOS TOTALES,CASOS,6340639,2009,01/01/2009 12:00:00 AM,831,"(-23.0, -58.0)"
Paraguay,HURTO,CASOS,6340639,2009,01/01/2009 12:00:00 AM,24874,"(-23.0, -58.0)"
Paraguay,HURTO,TASA BRUTA,6340639,2009,01/01/2009 12:00:00 AM,392.29,"(-23.0, -58.0)"
Paraguay,MALTRATO DE NIÑOS NIÑAS ADOLESCENTES,CASOS,,2009,01/01/2009 12:00:00 AM,793,"(-23.0, -58.0)"
Paraguay,MUERTES POR ARMA DE FUEGO TOTALES,TASA INDIRECTA,6340639,2009,01/01/2009 12:00:00 AM,8.07,"(-23.0, -58.0)"
Paraguay,MUERTES POR ARMA DE FUEGO TOTALES,CASOS,6340639,2009,01/01/2009 12:00:00 AM,551,"(-23.0, -58.0)"
Paraguay,MUERTES POR ARMA DE FUEGO TOTALES,TASA BRUTA,6340639,2009,01/01/2009 12:00:00 AM,8.69,"(-23.0, -58.0)"
Paraguay,MUERTES POR LESIONES DE TRÁNSITO TOTALES,TASA BRUTA,6340639,2009,01/01/2009 12:00:00 AM,18.149999999999999,"(-23.0, -58.0)"
Paraguay,MUERTES POR LESIONES DE TRÁNSITO TOTALES,CASOS,6340639,2009,01/01/2009 12:00:00 AM,1151,"(-23.0, -58.0)"
Paraguay,MUERTES POR LESIONES DE TRÁNSITO TOTALES,TASA INDIRECTA,6340639,2009,01/01/2009 12:00:00 AM,19.739999999999998,"(-23.0, -58.0)"
Paraguay,ROBO,CASOS,6340639,2009,01/01/2009 12:00:00 AM,21696,"(-23.0, -58.0)"
Paraguay,ROBO,TASA BRUTA,6340639,2009,01/01/2009 12:00:00 AM,342.17,"(-23.0, -58.0)"
Paraguay,ROBO AUTOS,CASOS,802773,2009,01/01/2009 12:00:00 AM,4374,"(-23.0, -58.0)"
Paraguay,ROBO AUTOS,TASA BRUTA,802773,2009,01/01/2009 12:00:00 AM,54.49,"(-23.0, -58.0)"
Paraguay,SECUESTROS,TASA BRUTA,6340639,2009,01/01/2009 12:00:00 AM,0.13,"(-23.0, -58.0)"
Paraguay,SECUESTROS,CASOS,6340639,2009,01/01/2009 12:00:00 AM,8,"(-23.0, -58.0)"
Paraguay,SECUESTROS,TASA INDIRECTA,6340639,2009,01/01/2009 12:00:00 AM,0.13,"(-23.0, -58.0)"
Paraguay,SUICIDIOS,TASA INDIRECTA,5603984,2009,01/01/2009 12:00:00 AM,6.85,"(-23.0, -58.0)"
Paraguay,SUICIDIOS,CASOS,5603984,2009,01/01/2009 12:00:00 AM,316,"(-23.0, -58.0)"
Paraguay,SUICIDIOS,TASA BRUTA,5603984,2009,01/01/2009 12:00:00 AM,5.64,"(-23.0, -58.0)"
Perú,DELITOS SEXUALES,CASOS,29132013,2009,01/01/2009 12:00:00 AM,6751,"(-10.0, -76.0)"
Perú,DELITOS SEXUALES,TASA BRUTA,29132013,2009,01/01/2009 12:00:00 AM,23.17,"(-10.0, -76.0)"
Perú,HOMICIDIOS TOTALES,TASA BRUTA,29132013,2009,01/01/2009 12:00:00 AM,13.98,"(-10.0, -76.0)"
Perú,HOMICIDIOS TOTALES,CASOS,29132013,2009,01/01/2009 12:00:00 AM,4074,"(-10.0, -76.0)"
Perú,HOMICIDIOS TOTALES,TASA INDIRECTA,29132013,2009,01/01/2009 12:00:00 AM,12.85,"(-10.0, -76.0)"
Perú,HURTO,CASOS,29132013,2009,01/01/2009 12:00:00 AM,49477,"(-10.0, -76.0)"
Perú,HURTO,TASA BRUTA,29132013,2009,01/01/2009 12:00:00 AM,169.84,"(-10.0, -76.0)"
Perú,MALTRATO DE NIÑOS NIÑAS ADOLESCENTES,TASA BRUTA,10589496,2009,01/01/2009 12:00:00 AM,1.03,"(-10.0, -76.0)"
Perú,MALTRATO DE NIÑOS NIÑAS ADOLESCENTES,CASOS,10589496,2009,01/01/2009 12:00:00 AM,10905,"(-10.0, -76.0)"
Perú,MUERTES POR ARMA DE FUEGO TOTALES,CASOS,29132013,2009,01/01/2009 12:00:00 AM,757,"(-10.0, -76.0)"
Perú,MUERTES POR ARMA DE FUEGO TOTALES,TASA INDIRECTA,29132013,2009,01/01/2009 12:00:00 AM,2.39,"(-10.0, -76.0)"
Perú,MUERTES POR ARMA DE FUEGO TOTALES,TASA BRUTA,29132013,2009,01/01/2009 12:00:00 AM,2.6,"(-10.0, -76.0)"
Perú,MUERTES POR LESIONES DE TRÁNSITO TOTALES,TASA BRUTA,29132013,2009,01/01/2009 12:00:00 AM,11.13,"(-10.0, -76.0)"
Perú,MUERTES POR LESIONES DE TRÁNSITO TOTALES,CASOS,29132013,2009,01/01/2009 12:00:00 AM,3243,"(-10.0, -76.0)"
Perú,MUERTES POR LESIONES DE TRÁNSITO TOTALES,TASA INDIRECTA,29132013,2009,01/01/2009 12:00:00 AM,11.81,"(-10.0, -76.0)"
Perú,ROBO,CASOS,29132013,2009,01/01/2009 12:00:00 AM,48785,"(-10.0, -76.0)"
Perú,ROBO,TASA BRUTA,29132013,2009,01/01/2009 12:00:00 AM,167.46,"(-10.0, -76.0)"
Perú,ROBO AUTOS,CASOS,1732834,2009,01/01/2009 12:00:00 AM,13787,"(-10.0, -76.0)"
Perú,ROBO AUTOS,TASA BRUTA,1732834,2009,01/01/2009 12:00:00 AM,79.56,"(-10.0, -76.0)"
Perú,SECUESTROS,CASOS,29132013,2009,01/01/2009 12:00:00 AM,378,"(-10.0, -76.0)"
Perú,SECUESTROS,TASA BRUTA,29132013,2009,01/01/2009 12:00:00 AM,1.3,"(-10.0, -76.0)"
Perú,SECUESTROS,TASA INDIRECTA,29132013,2009,01/01/2009 12:00:00 AM,1.31,"(-10.0, -76.0)"
Perú,SUICIDIOS,TASA BRUTA,26164125,2009,01/01/2009 12:00:00 AM,3.18,"(-10.0, -76.0)"
Perú,SUICIDIOS,CASOS,26164125,2009,01/01/2009 12:00:00 AM,832,"(-10.0, -76.0)"
Perú,SUICIDIOS,TASA INDIRECTA,26164125,2009,01/01/2009 12:00:00 AM,3.67,"(-10.0, -76.0)"
Perú,VIOLENCIA INTRAFAMILIAR,TASA BRUTA,29132013,2009,01/01/2009 12:00:00 AM,328.67,"(-10.0, -76.0)"
Perú,VIOLENCIA INTRAFAMILIAR,CASOS,29132013,2009,01/01/2009 12:00:00 AM,95749,"(-10.0, -76.0)"
República Dominicana,DELITOS SEXUALES,CASOS,9755954,2009,01/01/2009 12:00:00 AM,8473,"(19.0, -70.6667)"
República Dominicana,DELITOS SEXUALES,TASA BRUTA,9755954,2009,01/01/2009 12:00:00 AM,86.85,"(19.0, -70.6667)"
República Dominicana,HOMICIDIOS TOTALES,TASA BRUTA,9755954,2009,01/01/2009 12:00:00 AM,24.34,"(19.0, -70.6667)"
República Dominicana,HOMICIDIOS TOTALES,CASOS,9755954,2009,01/01/2009 12:00:00 AM,2375,"(19.0, -70.6667)"
República Dominicana,HOMICIDIOS TOTALES,TASA INDIRECTA,9755954,2009,01/01/2009 12:00:00 AM,22.74,"(19.0, -70.6667)"
República Dominicana,HURTO,TASA BRUTA,9755954,2009,01/01/2009 12:00:00 AM,31.37,"(19.0, -70.6667)"
República Dominicana,HURTO,CASOS,9755954,2009,01/01/2009 12:00:00 AM,3060,"(19.0, -70.6667)"
República Dominicana,MUERTES POR ARMA DE FUEGO TOTALES,TASA INDIRECTA,9755954,2009,01/01/2009 12:00:00 AM,15.81,"(19.0, -70.6667)"
República Dominicana,MUERTES POR ARMA DE FUEGO TOTALES,TASA BRUTA,9755954,2009,01/01/2009 12:00:00 AM,16.920000000000002,"(19.0, -70.6667)"
República Dominicana,MUERTES POR ARMA DE FUEGO TOTALES,CASOS,9755954,2009,01/01/2009 12:00:00 AM,1651,"(19.0, -70.6667)"
República Dominicana,MUERTES POR LESIONES DE TRÁNSITO TOTALES,CASOS,9755954,2009,01/01/2009 12:00:00 AM,1873,"(19.0, -70.6667)"
República Dominicana,MUERTES POR LESIONES DE TRÁNSITO TOTALES,TASA INDIRECTA,9755954,2009,01/01/2009 12:00:00 AM,20.65,"(19.0, -70.6667)"
República Dominicana,MUERTES POR LESIONES DE TRÁNSITO TOTALES,TASA BRUTA,9755954,2009,01/01/2009 12:00:00 AM,19.2,"(19.0, -70.6667)"
República Dominicana,ROBO,TASA BRUTA,9755954,2009,01/01/2009 12:00:00 AM,282.27999999999997,"(19.0, -70.6667)"
República Dominicana,ROBO,CASOS,9755954,2009,01/01/2009 12:00:00 AM,27539,"(19.0, -70.6667)"
República Dominicana,SECUESTROS,TASA BRUTA,9755954,2009,01/01/2009 12:00:00 AM,0.57,"(19.0, -70.6667)"
República Dominicana,SECUESTROS,CASOS,9755954,2009,01/01/2009 12:00:00 AM,56,"(19.0, -70.6667)"
República Dominicana,SECUESTROS,TASA INDIRECTA,9755954,2009,01/01/2009 12:00:00 AM,0.59,"(19.0, -70.6667)"
República Dominicana,SUICIDIOS,CASOS,8690220,2009,01/01/2009 12:00:00 AM,568,"(19.0, -70.6667)"
República Dominicana,SUICIDIOS,TASA INDIRECTA,8690220,2009,01/01/2009 12:00:00 AM,7.65,"(19.0, -70.6667)"
República Dominicana,SUICIDIOS,TASA BRUTA,8690220,2009,01/01/2009 12:00:00 AM,6.54,"(19.0, -70.6667)"
República Dominicana,VIOLENCIA INTRAFAMILIAR,CASOS,9755954,2009,01/01/2009 12:00:00 AM,52403,"(19.0, -70.6667)"
República Dominicana,VIOLENCIA INTRAFAMILIAR,TASA BRUTA,9755954,2009,01/01/2009 12:00:00 AM,537.14,"(19.0, -70.6667)"
Uruguay,DELITOS SEXUALES,CASOS,3344938,2009,01/01/2009 12:00:00 AM,1209,"(-33.0, -56.0)"
Uruguay,DELITOS SEXUALES,TASA BRUTA,3344938,2009,01/01/2009 12:00:00 AM,36.14,"(-33.0, -56.0)"
Uruguay,HOMICIDIOS TOTALES,CASOS,3344938,2009,01/01/2009 12:00:00 AM,226,"(-33.0, -56.0)"
Uruguay,HOMICIDIOS TOTALES,TASA INDIRECTA,3344938,2009,01/01/2009 12:00:00 AM,6.72,"(-33.0, -56.0)"
Uruguay,HOMICIDIOS TOTALES,TASA BRUTA,3344938,2009,01/01/2009 12:00:00 AM,6.76,"(-33.0, -56.0)"
Uruguay,HURTO,CASOS,3344938,2009,01/01/2009 12:00:00 AM,94508,"(-33.0, -56.0)"
Uruguay,HURTO,TASA BRUTA,3344938,2009,01/01/2009 12:00:00 AM,2825.4,"(-33.0, -56.0)"
Uruguay,MUERTES POR LESIONES DE TRÁNSITO TOTALES,TASA INDIRECTA,3344938,2009,01/01/2009 12:00:00 AM,14.06,"(-33.0, -56.0)"
Uruguay,MUERTES POR LESIONES DE TRÁNSITO TOTALES,CASOS,3344938,2009,01/01/2009 12:00:00 AM,467,"(-33.0, -56.0)"
Uruguay,MUERTES POR LESIONES DE TRÁNSITO TOTALES,TASA BRUTA,3344938,2009,01/01/2009 12:00:00 AM,13.96,"(-33.0, -56.0)"
Uruguay,ROBO,CASOS,3344938,2009,01/01/2009 12:00:00 AM,11387,"(-33.0, -56.0)"
Uruguay,ROBO,TASA BRUTA,3344938,2009,01/01/2009 12:00:00 AM,340.42,"(-33.0, -56.0)"
Uruguay,ROBO AUTOS,CASOS,,2009,01/01/2009 12:00:00 AM,3404,"(-33.0, -56.0)"
Uruguay,SUICIDIOS,TASA BRUTA,3104404,2009,01/01/2009 12:00:00 AM,17.649999999999999,"(-33.0, -56.0)"
Uruguay,SUICIDIOS,TASA INDIRECTA,3104404,2009,01/01/2009 12:00:00 AM,18.489999999999998,"(-33.0, -56.0)"
Uruguay,SUICIDIOS,CASOS,3104404,2009,01/01/2009 12:00:00 AM,548,"(-33.0, -56.0)"
Uruguay,VIOLENCIA INTRAFAMILIAR,CASOS,3344938,2009,01/01/2009 12:00:00 AM,13712,"(-33.0, -56.0)"
Uruguay,VIOLENCIA INTRAFAMILIAR,TASA BRUTA,3344938,2009,01/01/2009 12:00:00 AM,409.93,"(-33.0, -56.0)"
Belice,HOMICIDIOS TOTALES,TASA BRUTA,323598,2010,01/01/2010 12:00:00 AM,39.86,"(17.25, -88.75)"
Belice,HOMICIDIOS TOTALES,CASOS,323598,2010,01/01/2010 12:00:00 AM,129,"(17.25, -88.75)"
Belice,HOMICIDIOS TOTALES,TASA INDIRECTA,323598,2010,01/01/2010 12:00:00 AM,37.26,"(17.25, -88.75)"
Belice,HURTO,TASA BRUTA,323598,2010,01/01/2010 12:00:00 AM,300.99,"(17.25, -88.75)"
Belice,HURTO,CASOS,323598,2010,01/01/2010 12:00:00 AM,974,"(17.25, -88.75)"
Belice,MUERTES POR ARMA DE FUEGO TOTALES,TASA INDIRECTA,323598,2010,01/01/2010 12:00:00 AM,23.11,"(17.25, -88.75)"
Belice,MUERTES POR ARMA DE FUEGO TOTALES,CASOS,323598,2010,01/01/2010 12:00:00 AM,80,"(17.25, -88.75)"
Belice,MUERTES POR ARMA DE FUEGO TOTALES,TASA BRUTA,323598,2010,01/01/2010 12:00:00 AM,24.72,"(17.25, -88.75)"
Belice,ROBO,CASOS,323598,2010,01/01/2010 12:00:00 AM,477,"(17.25, -88.75)"
Belice,ROBO,TASA BRUTA,323598,2010,01/01/2010 12:00:00 AM,147.41,"(17.25, -88.75)"
Belice,SECUESTROS,CASOS,323598,2010,01/01/2010 12:00:00 AM,1,"(17.25, -88.75)"
Belice,SECUESTROS,TASA INDIRECTA,323598,2010,01/01/2010 12:00:00 AM,0.34,"(17.25, -88.75)"
Belice,SECUESTROS,TASA BRUTA,323598,2010,01/01/2010 12:00:00 AM,0.31,"(17.25, -88.75)"
Belice,SUICIDIOS,TASA BRUTA,285636,2010,01/01/2010 12:00:00 AM,1.4,"(17.25, -88.75)"
Belice,SUICIDIOS,CASOS,285636,2010,01/01/2010 12:00:00 AM,4,"(17.25, -88.75)"
Belice,SUICIDIOS,TASA INDIRECTA,285636,2010,01/01/2010 12:00:00 AM,1.75,"(17.25, -88.75)"
Bolivia,DELITOS SEXUALES,CASOS,,2010,01/01/2010 12:00:00 AM,3410,"(-17.0, -65.0)"
Bolivia,HOMICIDIOS TOTALES,CASOS,,2010,01/01/2010 12:00:00 AM,997,"(-17.0, -65.0)"
Bolivia,HURTO,CASOS,,2010,01/01/2010 12:00:00 AM,5202,"(-17.0, -65.0)"
Bolivia,MUERTES POR LESIONES DE TRÁNSITO TOTALES,CASOS,,2010,01/01/2010 12:00:00 AM,1294,"(-17.0, -65.0)"
Bolivia,ROBO,CASOS,,2010,01/01/2010 12:00:00 AM,13675,"(-17.0, -65.0)"
Bolivia,ROBO AUTOS,CASOS,971093,2010,01/01/2010 12:00:00 AM,4113,"(-17.0, -65.0)"
Bolivia,ROBO AUTOS,TASA BRUTA,971093,2010,01/01/2010 12:00:00 AM,42.35,"(-17.0, -65.0)"
Bolivia,SECUESTROS,CASOS,,2010,01/01/2010 12:00:00 AM,91,"(-17.0, -65.0)"
Bolivia,SUICIDIOS,CASOS,,2010,01/01/2010 12:00:00 AM,221,"(-17.0, -65.0)"
Bolivia,VIOLENCIA INTRAFAMILIAR,CASOS,,2010,01/01/2010 12:00:00 AM,55893,"(-17.0, -65.0)"
Chile,DELITOS SEXUALES,TASA BRUTA,17094275,2010,01/01/2010 12:00:00 AM,75.430000000000007,"(-30.0, -71.0)"
Chile,DELITOS SEXUALES,CASOS,17094275,2010,01/01/2010 12:00:00 AM,12894,"(-30.0, -71.0)"
Chile,HOMICIDIOS TOTALES,CASOS,17094275,2010,01/01/2010 12:00:00 AM,493,"(-30.0, -71.0)"
Chile,HOMICIDIOS TOTALES,TASA INDIRECTA,17094275,2010,01/01/2010 12:00:00 AM,2.7,"(-30.0, -71.0)"
Chile,HOMICIDIOS TOTALES,TASA BRUTA,17094275,2010,01/01/2010 12:00:00 AM,2.88,"(-30.0, -71.0)"
Chile,HURTO,TASA BRUTA,17094275,2010,01/01/2010 12:00:00 AM,1093.83,"(-30.0, -71.0)"
Chile,HURTO,CASOS,17094275,2010,01/01/2010 12:00:00 AM,186982,"(-30.0, -71.0)"
Chile,MALTRATO DE NIÑOS NIÑAS ADOLESCENTES,CASOS,4699461,2010,01/01/2010 12:00:00 AM,6843,"(-30.0, -71.0)"
Chile,MALTRATO DE NIÑOS NIÑAS ADOLESCENTES,TASA BRUTA,4699461,2010,01/01/2010 12:00:00 AM,1.46,"(-30.0, -71.0)"
Chile,MUERTES POR ARMA DE FUEGO TOTALES,TASA BRUTA,17094275,2010,01/01/2010 12:00:00 AM,2.43,"(-30.0, -71.0)"
Chile,MUERTES POR ARMA DE FUEGO TOTALES,CASOS,17094275,2010,01/01/2010 12:00:00 AM,415,"(-30.0, -71.0)"
Chile,MUERTES POR ARMA DE FUEGO TOTALES,TASA INDIRECTA,17094275,2010,01/01/2010 12:00:00 AM,2.27,"(-30.0, -71.0)"
Chile,MUERTES POR LESIONES DE TRÁNSITO TOTALES,CASOS,17094275,2010,01/01/2010 12:00:00 AM,2067,"(-30.0, -71.0)"
Chile,MUERTES POR LESIONES DE TRÁNSITO TOTALES,TASA INDIRECTA,17094275,2010,01/01/2010 12:00:00 AM,12.1,"(-30.0, -71.0)"
Chile,MUERTES POR LESIONES DE TRÁNSITO TOTALES,TASA BRUTA,17094275,2010,01/01/2010 12:00:00 AM,12.09,"(-30.0, -71.0)"
Chile,ROBO,TASA BRUTA,17094275,2010,01/01/2010 12:00:00 AM,477.74,"(-30.0, -71.0)"
Chile,ROBO,CASOS,17094275,2010,01/01/2010 12:00:00 AM,81667,"(-30.0, -71.0)"
Chile,ROBO AUTOS,TASA BRUTA,3279425,2010,01/01/2010 12:00:00 AM,93.86,"(-30.0, -71.0)"
Chile,ROBO AUTOS,CASOS,3279425,2010,01/01/2010 12:00:00 AM,30782,"(-30.0, -71.0)"
Chile,SECUESTROS,TASA BRUTA,17094275,2010,01/01/2010 12:00:00 AM,1.52,"(-30.0, -71.0)"
Chile,SECUESTROS,TASA INDIRECTA,17094275,2010,01/01/2010 12:00:00 AM,1.36,"(-30.0, -71.0)"
Chile,SECUESTROS,CASOS,17094275,2010,01/01/2010 12:00:00 AM,259,"(-30.0, -71.0)"
Chile,SUICIDIOS,CASOS,15845950,2010,01/01/2010 12:00:00 AM,2001,"(-30.0, -71.0)"
Chile,SUICIDIOS,TASA BRUTA,15845950,2010,01/01/2010 12:00:00 AM,12.63,"(-30.0, -71.0)"
Chile,SUICIDIOS,TASA INDIRECTA,15845950,2010,01/01/2010 12:00:00 AM,13.07,"(-30.0, -71.0)"
Chile,VIOLENCIA INTRAFAMILIAR,CASOS,17094275,2010,01/01/2010 12:00:00 AM,137177,"(-30.0, -71.0)"
Chile,VIOLENCIA INTRAFAMILIAR,TASA BRUTA,17094275,2010,01/01/2010 12:00:00 AM,802.47,"(-30.0, -71.0)"
Colombia,DELITOS SEXUALES,TASA BRUTA,45509584,2010,01/01/2010 12:00:00 AM,41.71,"(4.0, -72.0)"
Colombia,DELITOS SEXUALES,CASOS,45509584,2010,01/01/2010 12:00:00 AM,18984,"(4.0, -72.0)"
Colombia,HOMICIDIOS TOTALES,TASA BRUTA,45509584,2010,01/01/2010 12:00:00 AM,33.97,"(4.0, -72.0)"
Colombia,HOMICIDIOS TOTALES,TASA INDIRECTA,45509584,2010,01/01/2010 12:00:00 AM,31.86,"(4.0, -72.0)"
Colombia,HOMICIDIOS TOTALES,CASOS,45509584,2010,01/01/2010 12:00:00 AM,15459,"(4.0, -72.0)"
Colombia,MUERTES POR ARMA DE FUEGO TOTALES,TASA INDIRECTA,45509584,2010,01/01/2010 12:00:00 AM,28.83,"(4.0, -72.0)"
Colombia,MUERTES POR ARMA DE FUEGO TOTALES,CASOS,45509584,2010,01/01/2010 12:00:00 AM,13987,"(4.0, -72.0)"
Colombia,MUERTES POR ARMA DE FUEGO TOTALES,TASA BRUTA,45509584,2010,01/01/2010 12:00:00 AM,30.73,"(4.0, -72.0)"
Colombia,MUERTES POR LESIONES DE TRÁNSITO TOTALES,TASA INDIRECTA,45509584,2010,01/01/2010 12:00:00 AM,13.16,"(4.0, -72.0)"
Colombia,MUERTES POR LESIONES DE TRÁNSITO TOTALES,CASOS,45509584,2010,01/01/2010 12:00:00 AM,5704,"(4.0, -72.0)"
Colombia,MUERTES POR LESIONES DE TRÁNSITO TOTALES,TASA BRUTA,45509584,2010,01/01/2010 12:00:00 AM,12.53,"(4.0, -72.0)"
Colombia,ROBO,CASOS,45509584,2010,01/01/2010 12:00:00 AM,55435,"(4.0, -72.0)"
Colombia,ROBO,TASA BRUTA,45509584,2010,01/01/2010 12:00:00 AM,121.81,"(4.0, -72.0)"
Colombia,SECUESTROS,TASA INDIRECTA,45509584,2010,01/01/2010 12:00:00 AM,0.4,"(4.0, -72.0)"
Colombia,SECUESTROS,TASA BRUTA,45509584,2010,01/01/2010 12:00:00 AM,0.41,"(4.0, -72.0)"
Colombia,SECUESTROS,CASOS,45509584,2010,01/01/2010 12:00:00 AM,188,"(4.0, -72.0)"
Colombia,SUICIDIOS,CASOS,41229863,2010,01/01/2010 12:00:00 AM,1864,"(4.0, -72.0)"
Colombia,SUICIDIOS,TASA BRUTA,41229863,2010,01/01/2010 12:00:00 AM,4.52,"(4.0, -72.0)"
Colombia,SUICIDIOS,TASA INDIRECTA,41229863,2010,01/01/2010 12:00:00 AM,5.07,"(4.0, -72.0)"
Colombia,VIOLENCIA INTRAFAMILIAR,TASA BRUTA,45509584,2010,01/01/2010 12:00:00 AM,115.59,"(4.0, -72.0)"
Colombia,VIOLENCIA INTRAFAMILIAR,CASOS,45509584,2010,01/01/2010 12:00:00 AM,52603,"(4.0, -72.0)"
Costa Rica,DELITOS SEXUALES,CASOS,4533894,2010,01/01/2010 12:00:00 AM,6511,"(10.0, -84.0)"
Costa Rica,DELITOS SEXUALES,TASA BRUTA,4533894,2010,01/01/2010 12:00:00 AM,143.61000000000001,"(10.0, -84.0)"
Costa Rica,HOMICIDIOS TOTALES,TASA BRUTA,4533894,2010,01/01/2010 12:00:00 AM,11.62,"(10.0, -84.0)"
Costa Rica,HOMICIDIOS TOTALES,TASA INDIRECTA,4533894,2010,01/01/2010 12:00:00 AM,10.36,"(10.0, -84.0)"
Costa Rica,HOMICIDIOS TOTALES,CASOS,4533894,2010,01/01/2010 12:00:00 AM,527,"(10.0, -84.0)"
Costa Rica,HURTO,CASOS,4533894,2010,01/01/2010 12:00:00 AM,20324,"(10.0, -84.0)"
Costa Rica,HURTO,TASA BRUTA,4533894,2010,01/01/2010 12:00:00 AM,448.27,"(10.0, -84.0)"
Costa Rica,MUERTES POR ARMA DE FUEGO TOTALES,CASOS,4533894,2010,01/01/2010 12:00:00 AM,406,"(10.0, -84.0)"
Costa Rica,MUERTES POR ARMA DE FUEGO TOTALES,TASA BRUTA,4533894,2010,01/01/2010 12:00:00 AM,8.949999999999999,"(10.0, -84.0)"
Costa Rica,MUERTES POR ARMA DE FUEGO TOTALES,TASA INDIRECTA,4533894,2010,01/01/2010 12:00:00 AM,7.98,"(10.0, -84.0)"
Costa Rica,MUERTES POR LESIONES DE TRÁNSITO TOTALES,CASOS,4533894,2010,01/01/2010 12:00:00 AM,592,"(10.0, -84.0)"
Costa Rica,MUERTES POR LESIONES DE TRÁNSITO TOTALES,TASA BRUTA,4533894,2010,01/01/2010 12:00:00 AM,13.06,"(10.0, -84.0)"
Costa Rica,MUERTES POR LESIONES DE TRÁNSITO TOTALES,TASA INDIRECTA,4533894,2010,01/01/2010 12:00:00 AM,13.19,"(10.0, -84.0)"
Costa Rica,ROBO,CASOS,4533894,2010,01/01/2010 12:00:00 AM,43185,"(10.0, -84.0)"
Costa Rica,ROBO,TASA BRUTA,4533894,2010,01/01/2010 12:00:00 AM,952.49,"(10.0, -84.0)"
Costa Rica,ROBO AUTOS,CASOS,,2010,01/01/2010 12:00:00 AM,4980,"(10.0, -84.0)"
Costa Rica,SECUESTROS,CASOS,4533894,2010,01/01/2010 12:00:00 AM,11,"(10.0, -84.0)"
Costa Rica,SECUESTROS,TASA BRUTA,4533894,2010,01/01/2010 12:00:00 AM,0.24,"(10.0, -84.0)"
Costa Rica,SECUESTROS,TASA INDIRECTA,4533894,2010,01/01/2010 12:00:00 AM,0.23,"(10.0, -84.0)"
Costa Rica,SUICIDIOS,TASA INDIRECTA,4168143,2010,01/01/2010 12:00:00 AM,8.66,"(10.0, -84.0)"
Costa Rica,SUICIDIOS,CASOS,4168143,2010,01/01/2010 12:00:00 AM,333,"(10.0, -84.0)"
Costa Rica,SUICIDIOS,TASA BRUTA,4168143,2010,01/01/2010 12:00:00 AM,7.99,"(10.0, -84.0)"
Costa Rica,VIOLENCIA INTRAFAMILIAR,CASOS,4533894,2010,01/01/2010 12:00:00 AM,49784,"(10.0, -84.0)"
Costa Rica,VIOLENCIA INTRAFAMILIAR,TASA BRUTA,4533894,2010,01/01/2010 12:00:00 AM,1098.04,"(10.0, -84.0)"
Ecuador,DELITOS SEXUALES,CASOS,14204900,2010,01/01/2010 12:00:00 AM,4876,"(-2.0, -77.5)"
Ecuador,DELITOS SEXUALES,TASA BRUTA,14204900,2010,01/01/2010 12:00:00 AM,34.33,"(-2.0, -77.5)"
Ecuador,HOMICIDIOS TOTALES,CASOS,14204900,2010,01/01/2010 12:00:00 AM,2638,"(-2.0, -77.5)"
Ecuador,HOMICIDIOS TOTALES,TASA BRUTA,14204900,2010,01/01/2010 12:00:00 AM,18.57,"(-2.0, -77.5)"
Ecuador,HOMICIDIOS TOTALES,TASA INDIRECTA,14204900,2010,01/01/2010 12:00:00 AM,17.28,"(-2.0, -77.5)"
Ecuador,HURTO,CASOS,14204900,2010,01/01/2010 12:00:00 AM,5020,"(-2.0, -77.5)"
Ecuador,HURTO,TASA BRUTA,14204900,2010,01/01/2010 12:00:00 AM,35.340000000000003,"(-2.0, -77.5)"
Ecuador,MUERTES POR ARMA DE FUEGO TOTALES,TASA INDIRECTA,14204900,2010,01/01/2010 12:00:00 AM,11.46,"(-2.0, -77.5)"
Ecuador,MUERTES POR ARMA DE FUEGO TOTALES,CASOS,14204900,2010,01/01/2010 12:00:00 AM,1749,"(-2.0, -77.5)"
Ecuador,MUERTES POR ARMA DE FUEGO TOTALES,TASA BRUTA,14204900,2010,01/01/2010 12:00:00 AM,12.31,"(-2.0, -77.5)"
Ecuador,MUERTES POR LESIONES DE TRÁNSITO TOTALES,TASA INDIRECTA,14204900,2010,01/01/2010 12:00:00 AM,12.58,"(-2.0, -77.5)"
Ecuador,MUERTES POR LESIONES DE TRÁNSITO TOTALES,TASA BRUTA,14204900,2010,01/01/2010 12:00:00 AM,11.85,"(-2.0, -77.5)"
Ecuador,MUERTES POR LESIONES DE TRÁNSITO TOTALES,CASOS,14204900,2010,01/01/2010 12:00:00 AM,1683,"(-2.0, -77.5)"
Ecuador,ROBO,TASA BRUTA,14204900,2010,01/01/2010 12:00:00 AM,112.51,"(-2.0, -77.5)"
Ecuador,ROBO,CASOS,14204900,2010,01/01/2010 12:00:00 AM,15982,"(-2.0, -77.5)"
Ecuador,SECUESTROS,CASOS,14204900,2010,01/01/2010 12:00:00 AM,32,"(-2.0, -77.5)"
Ecuador,SECUESTROS,TASA BRUTA,14204900,2010,01/01/2010 12:00:00 AM,0.23,"(-2.0, -77.5)"
Ecuador,SECUESTROS,TASA INDIRECTA,14204900,2010,01/01/2010 12:00:00 AM,0.23,"(-2.0, -77.5)"
Ecuador,SUICIDIOS,CASOS,13320091,2010,01/01/2010 12:00:00 AM,748,"(-2.0, -77.5)"
Ecuador,SUICIDIOS,TASA BRUTA,13320091,2010,01/01/2010 12:00:00 AM,5.62,"(-2.0, -77.5)"
Ecuador,SUICIDIOS,TASA INDIRECTA,13320091,2010,01/01/2010 12:00:00 AM,6.59,"(-2.0, -77.5)"
Ecuador,VIOLENCIA INTRAFAMILIAR,CASOS,14204900,2010,01/01/2010 12:00:00 AM,79090,"(-2.0, -77.5)"
Ecuador,VIOLENCIA INTRAFAMILIAR,TASA BRUTA,14204900,2010,01/01/2010 12:00:00 AM,556.78,"(-2.0, -77.5)"
El Salvador,DELITOS SEXUALES,TASA BRUTA,6183002,2010,01/01/2010 12:00:00 AM,39.450000000000003,"(13.8333, -88.9167)"
El Salvador,DELITOS SEXUALES,CASOS,6183002,2010,01/01/2010 12:00:00 AM,2439,"(13.8333, -88.9167)"
El Salvador,HOMICIDIOS TOTALES,TASA BRUTA,6183002,2010,01/01/2010 12:00:00 AM,64.760000000000005,"(13.8333, -88.9167)"
El Salvador,HOMICIDIOS TOTALES,TASA INDIRECTA,6183002,2010,01/01/2010 12:00:00 AM,61.35,"(13.8333, -88.9167)"
El Salvador,HOMICIDIOS TOTALES,CASOS,6183002,2010,01/01/2010 12:00:00 AM,4004,"(13.8333, -88.9167)"
El Salvador,MUERTES POR ARMA DE FUEGO TOTALES,CASOS,6183002,2010,01/01/2010 12:00:00 AM,2919,"(13.8333, -88.9167)"
El Salvador,MUERTES POR ARMA DE FUEGO TOTALES,TASA INDIRECTA,6183002,2010,01/01/2010 12:00:00 AM,44.72,"(13.8333, -88.9167)"
El Salvador,MUERTES POR ARMA DE FUEGO TOTALES,TASA BRUTA,6183002,2010,01/01/2010 12:00:00 AM,47.21,"(13.8333, -88.9167)"
El Salvador,MUERTES POR LESIONES DE TRÁNSITO TOTALES,CASOS,6183002,2010,01/01/2010 12:00:00 AM,1044,"(13.8333, -88.9167)"
El Salvador,MUERTES POR LESIONES DE TRÁNSITO TOTALES,TASA BRUTA,6183002,2010,01/01/2010 12:00:00 AM,16.89,"(13.8333, -88.9167)"
El Salvador,MUERTES POR LESIONES DE TRÁNSITO TOTALES,TASA INDIRECTA,6183002,2010,01/01/2010 12:00:00 AM,17.989999999999998,"(13.8333, -88.9167)"
El Salvador,ROBO,TASA BRUTA,6183002,2010,01/01/2010 12:00:00 AM,86.79,"(13.8333, -88.9167)"
El Salvador,ROBO,CASOS,6183002,2010,01/01/2010 12:00:00 AM,5366,"(13.8333, -88.9167)"
El Salvador,SECUESTROS,TASA BRUTA,6183002,2010,01/01/2010 12:00:00 AM,0.47,"(13.8333, -88.9167)"
El Salvador,SECUESTROS,CASOS,6183002,2010,01/01/2010 12:00:00 AM,29,"(13.8333, -88.9167)"
El Salvador,SECUESTROS,TASA INDIRECTA,6183002,2010,01/01/2010 12:00:00 AM,0.48,"(13.8333, -88.9167)"
El Salvador,SUICIDIOS,TASA INDIRECTA,5576149,2010,01/01/2010 12:00:00 AM,2.25,"(13.8333, -88.9167)"
El Salvador,SUICIDIOS,TASA BRUTA,5576149,2010,01/01/2010 12:00:00 AM,1.88,"(13.8333, -88.9167)"
El Salvador,SUICIDIOS,CASOS,5576149,2010,01/01/2010 12:00:00 AM,105,"(13.8333, -88.9167)"
El Salvador,VIOLENCIA INTRAFAMILIAR,TASA BRUTA,6183002,2010,01/01/2010 12:00:00 AM,14.99,"(13.8333, -88.9167)"
El Salvador,VIOLENCIA INTRAFAMILIAR,CASOS,6183002,2010,01/01/2010 12:00:00 AM,927,"(13.8333, -88.9167)"
Guyana,HOMICIDIOS TOTALES,TASA BRUTA,787517,2010,01/01/2010 12:00:00 AM,17.649999999999999,"(5.0, -59.0)"
Guyana,HOMICIDIOS TOTALES,TASA INDIRECTA,787517,2010,01/01/2010 12:00:00 AM,16.47,"(5.0, -59.0)"
Guyana,HOMICIDIOS TOTALES,CASOS,787517,2010,01/01/2010 12:00:00 AM,139,"(5.0, -59.0)"
Guyana,MUERTES POR ARMA DE FUEGO TOTALES,CASOS,787517,2010,01/01/2010 12:00:00 AM,38,"(5.0, -59.0)"
Guyana,MUERTES POR ARMA DE FUEGO TOTALES,TASA BRUTA,787517,2010,01/01/2010 12:00:00 AM,4.83,"(5.0, -59.0)"
Guyana,MUERTES POR ARMA DE FUEGO TOTALES,TASA INDIRECTA,787517,2010,01/01/2010 12:00:00 AM,4.5,"(5.0, -59.0)"
Guyana,MUERTES POR LESIONES DE TRÁNSITO TOTALES,TASA BRUTA,787517,2010,01/01/2010 12:00:00 AM,14.6,"(5.0, -59.0)"
Guyana,MUERTES POR LESIONES DE TRÁNSITO TOTALES,TASA INDIRECTA,787517,2010,01/01/2010 12:00:00 AM,15.21,"(5.0, -59.0)"
Guyana,MUERTES POR LESIONES DE TRÁNSITO TOTALES,CASOS,787517,2010,01/01/2010 12:00:00 AM,115,"(5.0, -59.0)"
Guyana,ROBO,CASOS,787517,2010,01/01/2010 12:00:00 AM,1048,"(5.0, -59.0)"
Guyana,ROBO,TASA BRUTA,787517,2010,01/01/2010 12:00:00 AM,133.08000000000001,"(5.0, -59.0)"
Guyana,SUICIDIOS,CASOS,715234,2010,01/01/2010 12:00:00 AM,130,"(5.0, -59.0)"
Guyana,SUICIDIOS,TASA BRUTA,715234,2010,01/01/2010 12:00:00 AM,18.18,"(5.0, -59.0)"
Guyana,SUICIDIOS,TASA INDIRECTA,715234,2010,01/01/2010 12:00:00 AM,20.12,"(5.0, -59.0)"
Honduras,DELITOS SEXUALES,CASOS,8045990,2010,01/01/2010 12:00:00 AM,3716,"(15.0, -86.5)"
Honduras,DELITOS SEXUALES,TASA BRUTA,8045990,2010,01/01/2010 12:00:00 AM,46.18,"(15.0, -86.5)"
Honduras,HOMICIDIOS TOTALES,TASA BRUTA,8045990,2010,01/01/2010 12:00:00 AM,77.5,"(15.0, -86.5)"
Honduras,HOMICIDIOS TOTALES,TASA INDIRECTA,8045990,2010,01/01/2010 12:00:00 AM,73.599999999999994,"(15.0, -86.5)"
Honduras,HOMICIDIOS TOTALES,CASOS,8045990,2010,01/01/2010 12:00:00 AM,6236,"(15.0, -86.5)"
Honduras,HURTO,TASA BRUTA,8045990,2010,01/01/2010 12:00:00 AM,60.13,"(15.0, -86.5)"
Honduras,HURTO,CASOS,8045990,2010,01/01/2010 12:00:00 AM,4838,"(15.0, -86.5)"
Honduras,MALTRATO DE NIÑOS NIÑAS ADOLESCENTES,TASA BRUTA,3537748,2010,01/01/2010 12:00:00 AM,0.32,"(15.0, -86.5)"
Honduras,MALTRATO DE NIÑOS NIÑAS ADOLESCENTES,CASOS,3537748,2010,01/01/2010 12:00:00 AM,1123,"(15.0, -86.5)"
Honduras,MUERTES POR ARMA DE FUEGO TOTALES,CASOS,8045990,2010,01/01/2010 12:00:00 AM,5194,"(15.0, -86.5)"
Honduras,MUERTES POR ARMA DE FUEGO TOTALES,TASA INDIRECTA,8045990,2010,01/01/2010 12:00:00 AM,61.3,"(15.0, -86.5)"
Honduras,MUERTES POR ARMA DE FUEGO TOTALES,TASA BRUTA,8045990,2010,01/01/2010 12:00:00 AM,64.55,"(15.0, -86.5)"
Honduras,MUERTES POR LESIONES DE TRÁNSITO TOTALES,CASOS,8045990,2010,01/01/2010 12:00:00 AM,1176,"(15.0, -86.5)"
Honduras,MUERTES POR LESIONES DE TRÁNSITO TOTALES,TASA BRUTA,8045990,2010,01/01/2010 12:00:00 AM,14.62,"(15.0, -86.5)"
Honduras,MUERTES POR LESIONES DE TRÁNSITO TOTALES,TASA INDIRECTA,8045990,2010,01/01/2010 12:00:00 AM,16.64,"(15.0, -86.5)"
Honduras,ROBO,TASA BRUTA,8045990,2010,01/01/2010 12:00:00 AM,266.52999999999997,"(15.0, -86.5)"
Honduras,ROBO,CASOS,8045990,2010,01/01/2010 12:00:00 AM,21445,"(15.0, -86.5)"
Honduras,SECUESTROS,TASA INDIRECTA,8045990,2010,01/01/2010 12:00:00 AM,1,"(15.0, -86.5)"
Honduras,SECUESTROS,TASA BRUTA,8045990,2010,01/01/2010 12:00:00 AM,0.88,"(15.0, -86.5)"
Honduras,SECUESTROS,CASOS,8045990,2010,01/01/2010 12:00:00 AM,71,"(15.0, -86.5)"
Honduras,SUICIDIOS,CASOS,6966701,2010,01/01/2010 12:00:00 AM,323,"(15.0, -86.5)"
Honduras,SUICIDIOS,TASA INDIRECTA,6966701,2010,01/01/2010 12:00:00 AM,5.99,"(15.0, -86.5)"
Honduras,SUICIDIOS,TASA BRUTA,6966701,2010,01/01/2010 12:00:00 AM,4.64,"(15.0, -86.5)"
Honduras,VIOLENCIA INTRAFAMILIAR,CASOS,8045990,2010,01/01/2010 12:00:00 AM,13089,"(15.0, -86.5)"
Honduras,VIOLENCIA INTRAFAMILIAR,TASA BRUTA,8045990,2010,01/01/2010 12:00:00 AM,162.68,"(15.0, -86.5)"
Jamaica,DELITOS SEXUALES,TASA BRUTA,2690824,2010,01/01/2010 12:00:00 AM,26.87,"(18.25, -77.5)"
Jamaica,DELITOS SEXUALES,CASOS,2690824,2010,01/01/2010 12:00:00 AM,723,"(18.25, -77.5)"
Jamaica,HOMICIDIOS TOTALES,TASA INDIRECTA,2690824,2010,01/01/2010 12:00:00 AM,49.61,"(18.25, -77.5)"
Jamaica,HOMICIDIOS TOTALES,TASA BRUTA,2690824,2010,01/01/2010 12:00:00 AM,53.78,"(18.25, -77.5)"
Jamaica,HOMICIDIOS TOTALES,CASOS,2690824,2010,01/01/2010 12:00:00 AM,1447,"(18.25, -77.5)"
Jamaica,HURTO,TASA BRUTA,2690824,2010,01/01/2010 12:00:00 AM,18.88,"(18.25, -77.5)"
Jamaica,HURTO,CASOS,2690824,2010,01/01/2010 12:00:00 AM,508,"(18.25, -77.5)"
Jamaica,MALTRATO DE NIÑOS NIÑAS ADOLESCENTES,TASA BRUTA,2703400,2010,01/01/2010 12:00:00 AM,1.76,"(18.25, -77.5)"
Jamaica,MALTRATO DE NIÑOS NIÑAS ADOLESCENTES,CASOS,2703400,2010,01/01/2010 12:00:00 AM,4756,"(18.25, -77.5)"
Jamaica,MUERTES POR ARMA DE FUEGO TOTALES,TASA INDIRECTA,2690824,2010,01/01/2010 12:00:00 AM,37.270000000000003,"(18.25, -77.5)"
Jamaica,MUERTES POR ARMA DE FUEGO TOTALES,TASA BRUTA,2690824,2010,01/01/2010 12:00:00 AM,40.4,"(18.25, -77.5)"
Jamaica,MUERTES POR ARMA DE FUEGO TOTALES,CASOS,2690824,2010,01/01/2010 12:00:00 AM,1087,"(18.25, -77.5)"
Jamaica,MUERTES POR LESIONES DE TRÁNSITO TOTALES,CASOS,2690824,2010,01/01/2010 12:00:00 AM,319,"(18.25, -77.5)"
Jamaica,MUERTES POR LESIONES DE TRÁNSITO TOTALES,TASA BRUTA,2690824,2010,01/01/2010 12:00:00 AM,11.86,"(18.25, -77.5)"
Jamaica,MUERTES POR LESIONES DE TRÁNSITO TOTALES,TASA INDIRECTA,2690824,2010,01/01/2010 12:00:00 AM,12.11,"(18.25, -77.5)"
Jamaica,ROBO,CASOS,2690824,2010,01/01/2010 12:00:00 AM,2855,"(18.25, -77.5)"
Jamaica,ROBO,TASA BRUTA,2690824,2010,01/01/2010 12:00:00 AM,106.1,"(18.25, -77.5)"
Jamaica,ROBO AUTOS,CASOS,,2010,01/01/2010 12:00:00 AM,151,"(18.25, -77.5)"
Jamaica,SECUESTROS,TASA INDIRECTA,2690824,2010,01/01/2010 12:00:00 AM,0.25,"(18.25, -77.5)"
Jamaica,SECUESTROS,CASOS,2690824,2010,01/01/2010 12:00:00 AM,7,"(18.25, -77.5)"
Jamaica,SECUESTROS,TASA BRUTA,2690824,2010,01/01/2010 12:00:00 AM,0.26,"(18.25, -77.5)"
Jamaica,SUICIDIOS,TASA INDIRECTA,2475948,2010,01/01/2010 12:00:00 AM,1.53,"(18.25, -77.5)"
Jamaica,SUICIDIOS,TASA BRUTA,2475948,2010,01/01/2010 12:00:00 AM,1.37,"(18.25, -77.5)"
Jamaica,SUICIDIOS,CASOS,2475948,2010,01/01/2010 12:00:00 AM,34,"(18.25, -77.5)"
Jamaica,VIOLENCIA INTRAFAMILIAR,CASOS,2690824,2010,01/01/2010 12:00:00 AM,61,"(18.25, -77.5)"
Jamaica,VIOLENCIA INTRAFAMILIAR,TASA BRUTA,2690824,2010,01/01/2010 12:00:00 AM,2.27,"(18.25, -77.5)"
México,DELITOS SEXUALES,CASOS,108396211,2010,01/01/2010 12:00:00 AM,34237,"(23.0, -102.0)"
México,DELITOS SEXUALES,TASA BRUTA,108396211,2010,01/01/2010 12:00:00 AM,31.59,"(23.0, -102.0)"
México,HOMICIDIOS TOTALES,TASA INDIRECTA,108396211,2010,01/01/2010 12:00:00 AM,21.78,"(23.0, -102.0)"
México,HOMICIDIOS TOTALES,TASA BRUTA,108396211,2010,01/01/2010 12:00:00 AM,23.76,"(23.0, -102.0)"
México,HOMICIDIOS TOTALES,CASOS,108396211,2010,01/01/2010 12:00:00 AM,25757,"(23.0, -102.0)"
México,MUERTES POR ARMA DE FUEGO TOTALES,TASA BRUTA,108396211,2010,01/01/2010 12:00:00 AM,11.55,"(23.0, -102.0)"
México,MUERTES POR ARMA DE FUEGO TOTALES,TASA INDIRECTA,108396211,2010,01/01/2010 12:00:00 AM,10.59,"(23.0, -102.0)"
México,MUERTES POR ARMA DE FUEGO TOTALES,CASOS,108396211,2010,01/01/2010 12:00:00 AM,12524,"(23.0, -102.0)"
México,MUERTES POR LESIONES DE TRÁNSITO TOTALES,TASA BRUTA,108396211,2010,01/01/2010 12:00:00 AM,15.77,"(23.0, -102.0)"
México,MUERTES POR LESIONES DE TRÁNSITO TOTALES,TASA INDIRECTA,108396211,2010,01/01/2010 12:00:00 AM,16.47,"(23.0, -102.0)"
México,MUERTES POR LESIONES DE TRÁNSITO TOTALES,CASOS,108396211,2010,01/01/2010 12:00:00 AM,17098,"(23.0, -102.0)"
México,ROBO,CASOS,108396211,2010,01/01/2010 12:00:00 AM,737559,"(23.0, -102.0)"
México,ROBO,TASA BRUTA,108396211,2010,01/01/2010 12:00:00 AM,680.43,"(23.0, -102.0)"
México,ROBO AUTOS,CASOS,32338820,2010,01/01/2010 12:00:00 AM,232010,"(23.0, -102.0)"
México,ROBO AUTOS,TASA BRUTA,32338820,2010,01/01/2010 12:00:00 AM,71.739999999999995,"(23.0, -102.0)"
México,SECUESTROS,TASA BRUTA,108396211,2010,01/01/2010 12:00:00 AM,1.14,"(23.0, -102.0)"
México,SECUESTROS,TASA INDIRECTA,108396211,2010,01/01/2010 12:00:00 AM,1.11,"(23.0, -102.0)"
México,SECUESTROS,CASOS,108396211,2010,01/01/2010 12:00:00 AM,1236,"(23.0, -102.0)"
México,SUICIDIOS,CASOS,98903132,2010,01/01/2010 12:00:00 AM,5012,"(23.0, -102.0)"
México,SUICIDIOS,TASA BRUTA,98903132,2010,01/01/2010 12:00:00 AM,5.07,"(23.0, -102.0)"
México,SUICIDIOS,TASA INDIRECTA,98903132,2010,01/01/2010 12:00:00 AM,5.7,"(23.0, -102.0)"
México,VIOLENCIA INTRAFAMILIAR,TASA BRUTA,108396211,2010,01/01/2010 12:00:00 AM,44.1,"(23.0, -102.0)"
México,VIOLENCIA INTRAFAMILIAR,CASOS,108396211,2010,01/01/2010 12:00:00 AM,47805,"(23.0, -102.0)"
Nicaragua,DELITOS SEXUALES,CASOS,5815524,2010,01/01/2010 12:00:00 AM,3626,"(13.0, -85.0)"
Nicaragua,DELITOS SEXUALES,TASA BRUTA,5815524,2010,01/01/2010 12:00:00 AM,62.35,"(13.0, -85.0)"
Nicaragua,HOMICIDIOS TOTALES,TASA BRUTA,5815524,2010,01/01/2010 12:00:00 AM,13.5,"(13.0, -85.0)"
Nicaragua,HOMICIDIOS TOTALES,TASA INDIRECTA,5815524,2010,01/01/2010 12:00:00 AM,12.26,"(13.0, -85.0)"
Nicaragua,HOMICIDIOS TOTALES,CASOS,5815524,2010,01/01/2010 12:00:00 AM,785,"(13.0, -85.0)"
Nicaragua,HURTO,CASOS,5815524,2010,01/01/2010 12:00:00 AM,10453,"(13.0, -85.0)"
Nicaragua,HURTO,TASA BRUTA,5815524,2010,01/01/2010 12:00:00 AM,179.74,"(13.0, -85.0)"
Nicaragua,MUERTES POR ARMA DE FUEGO TOTALES,TASA INDIRECTA,5815524,2010,01/01/2010 12:00:00 AM,6.37,"(13.0, -85.0)"
Nicaragua,MUERTES POR ARMA DE FUEGO TOTALES,TASA BRUTA,5815524,2010,01/01/2010 12:00:00 AM,7.02,"(13.0, -85.0)"
Nicaragua,MUERTES POR ARMA DE FUEGO TOTALES,CASOS,5815524,2010,01/01/2010 12:00:00 AM,408,"(13.0, -85.0)"
Nicaragua,MUERTES POR LESIONES DE TRÁNSITO TOTALES,TASA BRUTA,5815524,2010,01/01/2010 12:00:00 AM,9.82,"(13.0, -85.0)"
Nicaragua,MUERTES POR LESIONES DE TRÁNSITO TOTALES,CASOS,5815524,2010,01/01/2010 12:00:00 AM,571,"(13.0, -85.0)"
Nicaragua,MUERTES POR LESIONES DE TRÁNSITO TOTALES,TASA INDIRECTA,5815524,2010,01/01/2010 12:00:00 AM,10.65,"(13.0, -85.0)"
Nicaragua,ROBO,TASA BRUTA,5815524,2010,01/01/2010 12:00:00 AM,488.85,"(13.0, -85.0)"
Nicaragua,ROBO,CASOS,5815524,2010,01/01/2010 12:00:00 AM,28429,"(13.0, -85.0)"
Nicaragua,ROBO AUTOS,TASA BRUTA,441644,2010,01/01/2010 12:00:00 AM,8.789999999999999,"(13.0, -85.0)"
Nicaragua,ROBO AUTOS,CASOS,441644,2010,01/01/2010 12:00:00 AM,388,"(13.0, -85.0)"
Nicaragua,SECUESTROS,TASA INDIRECTA,5815524,2010,01/01/2010 12:00:00 AM,0.13,"(13.0, -85.0)"
Nicaragua,SECUESTROS,CASOS,5815524,2010,01/01/2010 12:00:00 AM,7,"(13.0, -85.0)"
Nicaragua,SECUESTROS,TASA BRUTA,5815524,2010,01/01/2010 12:00:00 AM,0.12,"(13.0, -85.0)"
Nicaragua,SUICIDIOS,TASA BRUTA,5133122,2010,01/01/2010 12:00:00 AM,3.88,"(13.0, -85.0)"
Nicaragua,SUICIDIOS,TASA INDIRECTA,5133122,2010,01/01/2010 12:00:00 AM,4.8,"(13.0, -85.0)"
Nicaragua,SUICIDIOS,CASOS,5133122,2010,01/01/2010 12:00:00 AM,199,"(13.0, -85.0)"
Nicaragua,VIOLENCIA INTRAFAMILIAR,CASOS,5815524,2010,01/01/2010 12:00:00 AM,3984,"(13.0, -85.0)"
Nicaragua,VIOLENCIA INTRAFAMILIAR,TASA BRUTA,5815524,2010,01/01/2010 12:00:00 AM,68.510000000000005,"(13.0, -85.0)"
Panamá,DELITOS SEXUALES,TASA BRUTA,3661835,2010,01/01/2010 12:00:00 AM,57.1,"(9.0, -80.0)"
Panamá,DELITOS SEXUALES,CASOS,3661835,2010,01/01/2010 12:00:00 AM,2091,"(9.0, -80.0)"
Panamá,HOMICIDIOS TOTALES,CASOS,3661835,2010,01/01/2010 12:00:00 AM,759,"(9.0, -80.0)"
Panamá,HOMICIDIOS TOTALES,TASA INDIRECTA,3661835,2010,01/01/2010 12:00:00 AM,19.559999999999999,"(9.0, -80.0)"
Panamá,HOMICIDIOS TOTALES,TASA BRUTA,3661835,2010,01/01/2010 12:00:00 AM,20.73,"(9.0, -80.0)"
Panamá,HURTO,CASOS,3661835,2010,01/01/2010 12:00:00 AM,18262,"(9.0, -80.0)"
Panamá,HURTO,TASA BRUTA,3661835,2010,01/01/2010 12:00:00 AM,498.71,"(9.0, -80.0)"
Panamá,MALTRATO DE NIÑOS NIÑAS ADOLESCENTES,TASA BRUTA,3661835,2010,01/01/2010 12:00:00 AM,0.16,"(9.0, -80.0)"
Panamá,MALTRATO DE NIÑOS NIÑAS ADOLESCENTES,CASOS,3661835,2010,01/01/2010 12:00:00 AM,575,"(9.0, -80.0)"
Panamá,MUERTES POR ARMA DE FUEGO TOTALES,CASOS,3661835,2010,01/01/2010 12:00:00 AM,582,"(9.0, -80.0)"
Panamá,MUERTES POR ARMA DE FUEGO TOTALES,TASA BRUTA,3661835,2010,01/01/2010 12:00:00 AM,15.89,"(9.0, -80.0)"
Panamá,MUERTES POR ARMA DE FUEGO TOTALES,TASA INDIRECTA,3661835,2010,01/01/2010 12:00:00 AM,15,"(9.0, -80.0)"
Panamá,MUERTES POR LESIONES DE TRÁNSITO TOTALES,TASA INDIRECTA,3661835,2010,01/01/2010 12:00:00 AM,12.27,"(9.0, -80.0)"
Panamá,MUERTES POR LESIONES DE TRÁNSITO TOTALES,TASA BRUTA,3661835,2010,01/01/2010 12:00:00 AM,11.55,"(9.0, -80.0)"
Panamá,MUERTES POR LESIONES DE TRÁNSITO TOTALES,CASOS,3661835,2010,01/01/2010 12:00:00 AM,423,"(9.0, -80.0)"
Panamá,ROBO,CASOS,3661835,2010,01/01/2010 12:00:00 AM,9506,"(9.0, -80.0)"
Panamá,ROBO,TASA BRUTA,3661835,2010,01/01/2010 12:00:00 AM,259.60000000000002,"(9.0, -80.0)"
