Pais,Ano,Fuente_General,Fuente_Especifica,Categoria,Nombre_Indicador,Nivel_Educativo,Tipo_Desagregacion,Desagregacion,Valor
ARG,2005,UNESCO,UIS,Tamano,Anos_escolaridad,Inicial,No_Aplica,No_Desagregado,3
ARG,2005,UNESCO,UIS,Tamano,Anos_escolaridad,Primaria,No_Aplica,No_Desagregado,6
ARG,2005,UNESCO,UIS,Tamano,Anos_escolaridad,Secundaria_Alta,No_Aplica,No_Desagregado,3
ARG,2005,UNESCO,UIS,Tamano,Anos_escolaridad,Secundaria_Baja,No_Aplica,No_Desagregado,3
ARG,2006,UNESCO,UIS,Tamano,Anos_escolaridad,Inicial,No_Aplica,No_Desagregado,3
ARG,2006,UNESCO,UIS,Tamano,Anos_escolaridad,Primaria,No_Aplica,No_Desagregado,6
ARG,2006,UNESCO,UIS,Tamano,Anos_escolaridad,Secundaria_Alta,No_Aplica,No_Desagregado,3
ARG,2006,UNESCO,UIS,Tamano,Anos_escolaridad,Secundaria_Baja,No_Aplica,No_Desagregado,3
ARG,2007,UNESCO,UIS,Tamano,Anos_escolaridad,Inicial,No_Aplica,No_Desagregado,3
ARG,2007,UNESCO,UIS,Tamano,Anos_escolaridad,Primaria,No_Aplica,No_Desagregado,6
ARG,2007,UNESCO,UIS,Tamano,Anos_escolaridad,Secundaria_Alta,No_Aplica,No_Desagregado,3
ARG,2007,UNESCO,UIS,Tamano,Anos_escolaridad,Secundaria_Baja,No_Aplica,No_Desagregado,3
ARG,2008,UNESCO,UIS,Tamano,Anos_escolaridad,Inicial,No_Aplica,No_Desagregado,3
ARG,2008,UNESCO,UIS,Tamano,Anos_escolaridad,Primaria,No_Aplica,No_Desagregado,6
ARG,2008,UNESCO,UIS,Tamano,Anos_escolaridad,Secundaria_Alta,No_Aplica,No_Desagregado,3
ARG,2008,UNESCO,UIS,Tamano,Anos_escolaridad,Secundaria_Baja,No_Aplica,No_Desagregado,3
ARG,2009,UNESCO,UIS,Tamano,Anos_escolaridad,Inicial,No_Aplica,No_Desagregado,3
ARG,2009,UNESCO,UIS,Tamano,Anos_escolaridad,Primaria,No_Aplica,No_Desagregado,6
ARG,2009,UNESCO,UIS,Tamano,Anos_escolaridad,Secundaria_Alta,No_Aplica,No_Desagregado,3
ARG,2009,UNESCO,UIS,Tamano,Anos_escolaridad,Secundaria_Baja,No_Aplica,No_Desagregado,3
ARG,2010,UNESCO,UIS,Tamano,Anos_escolaridad,Inicial,No_Aplica,No_Desagregado,3
ARG,2010,UNESCO,UIS,Tamano,Anos_escolaridad,Primaria,No_Aplica,No_Desagregado,6
ARG,2010,UNESCO,UIS,Tamano,Anos_escolaridad,Secundaria_Alta,No_Aplica,No_Desagregado,3
ARG,2010,UNESCO,UIS,Tamano,Anos_escolaridad,Secundaria_Baja,No_Aplica,No_Desagregado,3
ARG,2011,UNESCO,UIS,Tamano,Anos_escolaridad,Inicial,No_Aplica,No_Desagregado,3
ARG,2011,UNESCO,UIS,Tamano,Anos_escolaridad,Primaria,No_Aplica,No_Desagregado,6
ARG,2011,UNESCO,UIS,Tamano,Anos_escolaridad,Secundaria_Alta,No_Aplica,No_Desagregado,3
ARG,2011,UNESCO,UIS,Tamano,Anos_escolaridad,Secundaria_Baja,No_Aplica,No_Desagregado,3
ARG,2012,UNESCO,UIS,Tamano,Anos_escolaridad,Inicial,No_Aplica,No_Desagregado,3
ARG,2012,UNESCO,UIS,Tamano,Anos_escolaridad,Primaria,No_Aplica,No_Desagregado,6
ARG,2012,UNESCO,UIS,Tamano,Anos_escolaridad,Secundaria_Alta,No_Aplica,No_Desagregado,3
ARG,2012,UNESCO,UIS,Tamano,Anos_escolaridad,Secundaria_Baja,No_Aplica,No_Desagregado,3
ARG,2013,UNESCO,UIS,Tamano,Anos_escolaridad,Inicial,No_Aplica,No_Desagregado,3
ARG,2013,UNESCO,UIS,Tamano,Anos_escolaridad,Primaria,No_Aplica,No_Desagregado,6
ARG,2013,UNESCO,UIS,Tamano,Anos_escolaridad,Secundaria_Alta,No_Aplica,No_Desagregado,3
ARG,2013,UNESCO,UIS,Tamano,Anos_escolaridad,Secundaria_Baja,No_Aplica,No_Desagregado,3
ARG,2014,UNESCO,UIS,Tamano,Anos_escolaridad,Inicial,No_Aplica,No_Desagregado,3
ARG,2014,UNESCO,UIS,Tamano,Anos_escolaridad,Primaria,No_Aplica,No_Desagregado,6
ARG,2014,UNESCO,UIS,Tamano,Anos_escolaridad,Secundaria_Alta,No_Aplica,No_Desagregado,3
ARG,2014,UNESCO,UIS,Tamano,Anos_escolaridad,Secundaria_Baja,No_Aplica,No_Desagregado,3
ARG,2005,DA,MinEd_Arg,Tamano,Docentes,Inicial,No_Aplica,No_Desagregado,79721
ARG,2005,DA,MinEd_Arg,Tamano,Docentes,Primaria,No_Aplica,No_Desagregado,289898
ARG,2005,DA,MinEd_Arg,Tamano,Docentes,Secundaria,No_Aplica,No_Desagregado,133225
ARG,2005,DA,MinEd_Arg,Tamano,Docentes,Todos,No_Aplica,No_Desagregado,423123
ARG,2005,DA,MinEd_Arg,Tamano,Docentes,Inicial,Publico_Privado,Privado,24468
ARG,2005,DA,MinEd_Arg,Tamano,Docentes,Primaria,Publico_Privado,Privado,57070
ARG,2005,DA,MinEd_Arg,Tamano,Docentes,Secundaria,Publico_Privado,Privado,30374
ARG,2005,DA,MinEd_Arg,Tamano,Docentes,Todos,Publico_Privado,Privado,87444
ARG,2005,DA,MinEd_Arg,Tamano,Docentes,Inicial,Publico_Privado,Publico,55253
ARG,2005,DA,MinEd_Arg,Tamano,Docentes,Primaria,Publico_Privado,Publico,232828
ARG,2005,DA,MinEd_Arg,Tamano,Docentes,Secundaria,Publico_Privado,Publico,102851
ARG,2005,DA,MinEd_Arg,Tamano,Docentes,Todos,Publico_Privado,Publico,335679
ARG,2006,DA,MinEd_Arg,Tamano,Docentes,Inicial,No_Aplica,No_Desagregado,84027
ARG,2006,DA,MinEd_Arg,Tamano,Docentes,Primaria,No_Aplica,No_Desagregado,301251
ARG,2006,DA,MinEd_Arg,Tamano,Docentes,Secundaria,No_Aplica,No_Desagregado,143031
ARG,2006,DA,MinEd_Arg,Tamano,Docentes,Todos,No_Aplica,No_Desagregado,444282
ARG,2006,DA,MinEd_Arg,Tamano,Docentes,Inicial,Publico_Privado,Privado,26198
ARG,2006,DA,MinEd_Arg,Tamano,Docentes,Primaria,Publico_Privado,Privado,60505
ARG,2006,DA,MinEd_Arg,Tamano,Docentes,Secundaria,Publico_Privado,Privado,34991
ARG,2006,DA,MinEd_Arg,Tamano,Docentes,Todos,Publico_Privado,Privado,95496
ARG,2006,DA,MinEd_Arg,Tamano,Docentes,Inicial,Publico_Privado,Publico,57829
ARG,2006,DA,MinEd_Arg,Tamano,Docentes,Primaria,Publico_Privado,Publico,240746
ARG,2006,DA,MinEd_Arg,Tamano,Docentes,Secundaria,Publico_Privado,Publico,108040
ARG,2006,DA,MinEd_Arg,Tamano,Docentes,Todos,Publico_Privado,Publico,348786
ARG,2006,DA,MinEd_Arg,Tamano,Docentes,Primaria,Rural_Urbano,Rural,48616
ARG,2006,DA,MinEd_Arg,Tamano,Docentes,Secundaria,Rural_Urbano,Rural,5825
ARG,2006,DA,MinEd_Arg,Tamano,Docentes,Todos,Rural_Urbano,Rural,54441
ARG,2006,DA,MinEd_Arg,Tamano,Docentes,Primaria,Rural_Urbano,Urbano,252635
ARG,2006,DA,MinEd_Arg,Tamano,Docentes,Secundaria,Rural_Urbano,Urbano,137206
ARG,2006,DA,MinEd_Arg,Tamano,Docentes,Todos,Rural_Urbano,Urbano,389841
ARG,2007,DA,MinEd_Arg,Tamano,Docentes,Inicial,No_Aplica,No_Desagregado,86663
ARG,2007,DA,MinEd_Arg,Tamano,Docentes,Primaria,No_Aplica,No_Desagregado,307830
ARG,2007,DA,MinEd_Arg,Tamano,Docentes,Secundaria,No_Aplica,No_Desagregado,141389
ARG,2007,DA,MinEd_Arg,Tamano,Docentes,Todos,No_Aplica,No_Desagregado,449219
ARG,2007,DA,MinEd_Arg,Tamano,Docentes,Inicial,Publico_Privado,Privado,26288
ARG,2007,DA,MinEd_Arg,Tamano,Docentes,Primaria,Publico_Privado,Privado,61810
ARG,2007,DA,MinEd_Arg,Tamano,Docentes,Secundaria,Publico_Privado,Privado,32829
ARG,2007,DA,MinEd_Arg,Tamano,Docentes,Todos,Publico_Privado,Privado,94639
ARG,2007,DA,MinEd_Arg,Tamano,Docentes,Inicial,Publico_Privado,Publico,60375
ARG,2007,DA,MinEd_Arg,Tamano,Docentes,Primaria,Publico_Privado,Publico,246020
ARG,2007,DA,MinEd_Arg,Tamano,Docentes,Secundaria,Publico_Privado,Publico,108560
ARG,2007,DA,MinEd_Arg,Tamano,Docentes,Todos,Publico_Privado,Publico,354580
ARG,2007,DA,MinEd_Arg,Tamano,Docentes,Primaria,Rural_Urbano,Rural,52003
ARG,2007,DA,MinEd_Arg,Tamano,Docentes,Secundaria,Rural_Urbano,Rural,13581
ARG,2007,DA,MinEd_Arg,Tamano,Docentes,Todos,Rural_Urbano,Rural,65584
ARG,2007,DA,MinEd_Arg,Tamano,Docentes,Primaria,Rural_Urbano,Urbano,255827
ARG,2007,DA,MinEd_Arg,Tamano,Docentes,Secundaria,Rural_Urbano,Urbano,127808
ARG,2007,DA,MinEd_Arg,Tamano,Docentes,Todos,Rural_Urbano,Urbano,383635
ARG,2008,DA,MinEd_Arg,Tamano,Docentes,Inicial,No_Aplica,No_Desagregado,92276
ARG,2008,DA,MinEd_Arg,Tamano,Docentes,Primaria,No_Aplica,No_Desagregado,314492
ARG,2008,DA,MinEd_Arg,Tamano,Docentes,Secundaria,No_Aplica,No_Desagregado,159766
ARG,2008,DA,MinEd_Arg,Tamano,Docentes,Todos,No_Aplica,No_Desagregado,474258
ARG,2008,DA,MinEd_Arg,Tamano,Docentes,Inicial,Publico_Privado,Privado,28440
ARG,2008,DA,MinEd_Arg,Tamano,Docentes,Primaria,Publico_Privado,Privado,61288
ARG,2008,DA,MinEd_Arg,Tamano,Docentes,Secundaria,Publico_Privado,Privado,37275
ARG,2008,DA,MinEd_Arg,Tamano,Docentes,Todos,Publico_Privado,Privado,98563
ARG,2008,DA,MinEd_Arg,Tamano,Docentes,Inicial,Publico_Privado,Publico,63836
ARG,2008,DA,MinEd_Arg,Tamano,Docentes,Primaria,Publico_Privado,Publico,253204
ARG,2008,DA,MinEd_Arg,Tamano,Docentes,Secundaria,Publico_Privado,Publico,122491
ARG,2008,DA,MinEd_Arg,Tamano,Docentes,Todos,Publico_Privado,Publico,375695
ARG,2008,DA,MinEd_Arg,Tamano,Docentes,Primaria,Rural_Urbano,Rural,53196
ARG,2008,DA,MinEd_Arg,Tamano,Docentes,Secundaria,Rural_Urbano,Rural,16121
ARG,2008,DA,MinEd_Arg,Tamano,Docentes,Todos,Rural_Urbano,Rural,69317
ARG,2008,DA,MinEd_Arg,Tamano,Docentes,Primaria,Rural_Urbano,Urbano,261296
ARG,2008,DA,MinEd_Arg,Tamano,Docentes,Secundaria,Rural_Urbano,Urbano,143645
ARG,2008,DA,MinEd_Arg,Tamano,Docentes,Todos,Rural_Urbano,Urbano,404941
ARG,2009,DA,MinEd_Arg,Tamano,Docentes,Inicial,No_Aplica,No_Desagregado,95705
ARG,2009,DA,MinEd_Arg,Tamano,Docentes,Primaria,No_Aplica,No_Desagregado,320724
ARG,2009,DA,MinEd_Arg,Tamano,Docentes,Secundaria,No_Aplica,No_Desagregado,153490
ARG,2009,DA,MinEd_Arg,Tamano,Docentes,Todos,No_Aplica,No_Desagregado,474214
ARG,2009,DA,MinEd_Arg,Tamano,Docentes,Inicial,Publico_Privado,Privado,30174
ARG,2009,DA,MinEd_Arg,Tamano,Docentes,Primaria,Publico_Privado,Privado,63568
ARG,2009,DA,MinEd_Arg,Tamano,Docentes,Secundaria,Publico_Privado,Privado,36853
ARG,2009,DA,MinEd_Arg,Tamano,Docentes,Todos,Publico_Privado,Privado,100421
ARG,2009,DA,MinEd_Arg,Tamano,Docentes,Inicial,Publico_Privado,Publico,65531
ARG,2009,DA,MinEd_Arg,Tamano,Docentes,Primaria,Publico_Privado,Publico,257156
ARG,2009,DA,MinEd_Arg,Tamano,Docentes,Secundaria,Publico_Privado,Publico,116637
ARG,2009,DA,MinEd_Arg,Tamano,Docentes,Todos,Publico_Privado,Publico,373793
ARG,2009,DA,MinEd_Arg,Tamano,Docentes,Primaria,Rural_Urbano,Rural,50261
ARG,2009,DA,MinEd_Arg,Tamano,Docentes,Secundaria,Rural_Urbano,Rural,14323
ARG,2009,DA,MinEd_Arg,Tamano,Docentes,Todos,Rural_Urbano,Rural,64584
ARG,2009,DA,MinEd_Arg,Tamano,Docentes,Primaria,Rural_Urbano,Urbano,270463
ARG,2009,DA,MinEd_Arg,Tamano,Docentes,Secundaria,Rural_Urbano,Urbano,139167
ARG,2009,DA,MinEd_Arg,Tamano,Docentes,Todos,Rural_Urbano,Urbano,409630
ARG,2010,DA,MinEd_Arg,Tamano,Docentes,Inicial,No_Aplica,No_Desagregado,97704
ARG,2010,DA,MinEd_Arg,Tamano,Docentes,Primaria,No_Aplica,No_Desagregado,325071
ARG,2010,DA,MinEd_Arg,Tamano,Docentes,Secundaria,No_Aplica,No_Desagregado,154335
ARG,2010,DA,MinEd_Arg,Tamano,Docentes,Todos,No_Aplica,No_Desagregado,479406
ARG,2010,DA,MinEd_Arg,Tamano,Docentes,Inicial,Publico_Privado,Privado,30692
ARG,2010,DA,MinEd_Arg,Tamano,Docentes,Primaria,Publico_Privado,Privado,64295
ARG,2010,DA,MinEd_Arg,Tamano,Docentes,Secundaria,Publico_Privado,Privado,36419
ARG,2010,DA,MinEd_Arg,Tamano,Docentes,Todos,Publico_Privado,Privado,100714
ARG,2010,DA,MinEd_Arg,Tamano,Docentes,Inicial,Publico_Privado,Publico,67012
ARG,2010,DA,MinEd_Arg,Tamano,Docentes,Primaria,Publico_Privado,Publico,260776
ARG,2010,DA,MinEd_Arg,Tamano,Docentes,Secundaria,Publico_Privado,Publico,117916
ARG,2010,DA,MinEd_Arg,Tamano,Docentes,Todos,Publico_Privado,Publico,378692
ARG,2010,DA,MinEd_Arg,Tamano,Docentes,Primaria,Rural_Urbano,Rural,50881
ARG,2010,DA,MinEd_Arg,Tamano,Docentes,Secundaria,Rural_Urbano,Rural,14295
ARG,2010,DA,MinEd_Arg,Tamano,Docentes,Todos,Rural_Urbano,Rural,65176
ARG,2010,DA,MinEd_Arg,Tamano,Docentes,Primaria,Rural_Urbano,Urbano,274190
ARG,2010,DA,MinEd_Arg,Tamano,Docentes,Secundaria,Rural_Urbano,Urbano,140040
ARG,2010,DA,MinEd_Arg,Tamano,Docentes,Todos,Rural_Urbano,Urbano,414230
ARG,2011,DA,MinEd_Arg,Tamano,Docentes,Inicial,No_Aplica,No_Desagregado,99222
ARG,2011,DA,MinEd_Arg,Tamano,Docentes,Primaria,No_Aplica,No_Desagregado,326619
ARG,2011,DA,MinEd_Arg,Tamano,Docentes,Secundaria,No_Aplica,No_Desagregado,158476
ARG,2011,DA,MinEd_Arg,Tamano,Docentes,Todos,No_Aplica,No_Desagregado,485095
ARG,2011,DA,MinEd_Arg,Tamano,Docentes,Inicial,Publico_Privado,Privado,31104
ARG,2011,DA,MinEd_Arg,Tamano,Docentes,Primaria,Publico_Privado,Privado,63566
ARG,2011,DA,MinEd_Arg,Tamano,Docentes,Secundaria,Publico_Privado,Privado,34219
ARG,2011,DA,MinEd_Arg,Tamano,Docentes,Todos,Publico_Privado,Privado,97785
ARG,2011,DA,MinEd_Arg,Tamano,Docentes,Inicial,Publico_Privado,Publico,68118
ARG,2011,DA,MinEd_Arg,Tamano,Docentes,Primaria,Publico_Privado,Publico,263053
ARG,2011,DA,MinEd_Arg,Tamano,Docentes,Secundaria,Publico_Privado,Publico,124257
ARG,2011,DA,MinEd_Arg,Tamano,Docentes,Todos,Publico_Privado,Publico,387310
ARG,2011,DA,MinEd_Arg,Tamano,Docentes,Primaria,Rural_Urbano,Rural,50942
ARG,2011,DA,MinEd_Arg,Tamano,Docentes,Secundaria,Rural_Urbano,Rural,16443
ARG,2011,DA,MinEd_Arg,Tamano,Docentes,Todos,Rural_Urbano,Rural,67385
ARG,2011,DA,MinEd_Arg,Tamano,Docentes,Primaria,Rural_Urbano,Urbano,275677
ARG,2011,DA,MinEd_Arg,Tamano,Docentes,Secundaria,Rural_Urbano,Urbano,142033
ARG,2011,DA,MinEd_Arg,Tamano,Docentes,Todos,Rural_Urbano,Urbano,417710
ARG,2012,DA,MinEd_Arg,Tamano,Docentes,Inicial,No_Aplica,No_Desagregado,105521
ARG,2012,DA,MinEd_Arg,Tamano,Docentes,Primaria,No_Aplica,No_Desagregado,340015
ARG,2012,DA,MinEd_Arg,Tamano,Docentes,Secundaria,No_Aplica,No_Desagregado,169014
ARG,2012,DA,MinEd_Arg,Tamano,Docentes,Todos,No_Aplica,No_Desagregado,509029
ARG,2012,DA,MinEd_Arg,Tamano,Docentes,Inicial,Publico_Privado,Privado,32909
ARG,2012,DA,MinEd_Arg,Tamano,Docentes,Primaria,Publico_Privado,Privado,67963
ARG,2012,DA,MinEd_Arg,Tamano,Docentes,Secundaria,Publico_Privado,Privado,37032
ARG,2012,DA,MinEd_Arg,Tamano,Docentes,Todos,Publico_Privado,Privado,104995
ARG,2012,DA,MinEd_Arg,Tamano,Docentes,Inicial,Publico_Privado,Publico,72612
ARG,2012,DA,MinEd_Arg,Tamano,Docentes,Primaria,Publico_Privado,Publico,272052
ARG,2012,DA,MinEd_Arg,Tamano,Docentes,Secundaria,Publico_Privado,Publico,131982
ARG,2012,DA,MinEd_Arg,Tamano,Docentes,Todos,Publico_Privado,Publico,404034
ARG,2012,DA,MinEd_Arg,Tamano,Docentes,Primaria,Rural_Urbano,Rural,52640
ARG,2012,DA,MinEd_Arg,Tamano,Docentes,Secundaria,Rural_Urbano,Rural,18175
ARG,2012,DA,MinEd_Arg,Tamano,Docentes,Todos,Rural_Urbano,Rural,70815
ARG,2012,DA,MinEd_Arg,Tamano,Docentes,Primaria,Rural_Urbano,Urbano,287375
ARG,2012,DA,MinEd_Arg,Tamano,Docentes,Secundaria,Rural_Urbano,Urbano,150839
ARG,2012,DA,MinEd_Arg,Tamano,Docentes,Todos,Rural_Urbano,Urbano,438214
ARG,2013,DA,MinEd_Arg,Tamano,Docentes,Inicial,No_Aplica,No_Desagregado,109795
ARG,2013,DA,MinEd_Arg,Tamano,Docentes,Primaria,No_Aplica,No_Desagregado,344319
ARG,2013,DA,MinEd_Arg,Tamano,Docentes,Secundaria,No_Aplica,No_Desagregado,175222
ARG,2013,DA,MinEd_Arg,Tamano,Docentes,Todos,No_Aplica,No_Desagregado,519541
ARG,2013,DA,MinEd_Arg,Tamano,Docentes,Inicial,Publico_Privado,Privado,34157
ARG,2013,DA,MinEd_Arg,Tamano,Docentes,Primaria,Publico_Privado,Privado,69361
ARG,2013,DA,MinEd_Arg,Tamano,Docentes,Secundaria,Publico_Privado,Privado,37319
ARG,2013,DA,MinEd_Arg,Tamano,Docentes,Todos,Publico_Privado,Privado,106680
ARG,2013,DA,MinEd_Arg,Tamano,Docentes,Inicial,Publico_Privado,Publico,75638
ARG,2013,DA,MinEd_Arg,Tamano,Docentes,Primaria,Publico_Privado,Publico,274958
ARG,2013,DA,MinEd_Arg,Tamano,Docentes,Secundaria,Publico_Privado,Publico,137903
ARG,2013,DA,MinEd_Arg,Tamano,Docentes,Todos,Publico_Privado,Publico,412861
ARG,2013,DA,MinEd_Arg,Tamano,Docentes,Primaria,Rural_Urbano,Rural,53151
ARG,2013,DA,MinEd_Arg,Tamano,Docentes,Secundaria,Rural_Urbano,Rural,19593
ARG,2013,DA,MinEd_Arg,Tamano,Docentes,Todos,Rural_Urbano,Rural,72744
ARG,2013,DA,MinEd_Arg,Tamano,Docentes,Primaria,Rural_Urbano,Urbano,291168
ARG,2013,DA,MinEd_Arg,Tamano,Docentes,Secundaria,Rural_Urbano,Urbano,155629
ARG,2013,DA,MinEd_Arg,Tamano,Docentes,Todos,Rural_Urbano,Urbano,446797
ARG,2014,DA,MinEd_Arg,Tamano,Docentes,Inicial,No_Aplica,No_Desagregado,114089
ARG,2014,DA,MinEd_Arg,Tamano,Docentes,Primaria,No_Aplica,No_Desagregado,348152
ARG,2014,DA,MinEd_Arg,Tamano,Docentes,Secundaria,No_Aplica,No_Desagregado,184957
ARG,2014,DA,MinEd_Arg,Tamano,Docentes,Todos,No_Aplica,No_Desagregado,533109
ARG,2014,DA,MinEd_Arg,Tamano,Docentes,Inicial,Publico_Privado,Privado,35732
ARG,2014,DA,MinEd_Arg,Tamano,Docentes,Primaria,Publico_Privado,Privado,71385
ARG,2014,DA,MinEd_Arg,Tamano,Docentes,Secundaria,Publico_Privado,Privado,39953
ARG,2014,DA,MinEd_Arg,Tamano,Docentes,Todos,Publico_Privado,Privado,111338
ARG,2014,DA,MinEd_Arg,Tamano,Docentes,Inicial,Publico_Privado,Publico,78357
ARG,2014,DA,MinEd_Arg,Tamano,Docentes,Primaria,Publico_Privado,Publico,276767
ARG,2014,DA,MinEd_Arg,Tamano,Docentes,Secundaria,Publico_Privado,Publico,145004
ARG,2014,DA,MinEd_Arg,Tamano,Docentes,Todos,Publico_Privado,Publico,421771
ARG,2014,DA,MinEd_Arg,Tamano,Docentes,Primaria,Rural_Urbano,Rural,53746
ARG,2014,DA,MinEd_Arg,Tamano,Docentes,Secundaria,Rural_Urbano,Rural,21122
ARG,2014,DA,MinEd_Arg,Tamano,Docentes,Todos,Rural_Urbano,Rural,74868
ARG,2014,DA,MinEd_Arg,Tamano,Docentes,Primaria,Rural_Urbano,Urbano,294406
ARG,2014,DA,MinEd_Arg,Tamano,Docentes,Secundaria,Rural_Urbano,Urbano,163835
ARG,2014,DA,MinEd_Arg,Tamano,Docentes,Todos,Rural_Urbano,Urbano,458241
ARG,2015,DA,MinEd_Arg,Tamano,Docentes,Inicial,No_Aplica,No_Desagregado,117675
ARG,2015,DA,MinEd_Arg,Tamano,Docentes,Primaria,No_Aplica,No_Desagregado,352272
ARG,2015,DA,MinEd_Arg,Tamano,Docentes,Secundaria,No_Aplica,No_Desagregado,187723
ARG,2015,DA,MinEd_Arg,Tamano,Docentes,Todos,No_Aplica,No_Desagregado,539995
ARG,2015,DA,MinEd_Arg,Tamano,Docentes,Inicial,Publico_Privado,Privado,36638
ARG,2015,DA,MinEd_Arg,Tamano,Docentes,Primaria,Publico_Privado,Privado,71577
ARG,2015,DA,MinEd_Arg,Tamano,Docentes,Secundaria,Publico_Privado,Privado,41518
ARG,2015,DA,MinEd_Arg,Tamano,Docentes,Todos,Publico_Privado,Privado,113095
ARG,2015,DA,MinEd_Arg,Tamano,Docentes,Inicial,Publico_Privado,Publico,81037
ARG,2015,DA,MinEd_Arg,Tamano,Docentes,Primaria,Publico_Privado,Publico,280695
ARG,2015,DA,MinEd_Arg,Tamano,Docentes,Secundaria,Publico_Privado,Publico,146205
ARG,2015,DA,MinEd_Arg,Tamano,Docentes,Todos,Publico_Privado,Publico,426900
ARG,2015,DA,MinEd_Arg,Tamano,Docentes,Primaria,Rural_Urbano,Rural,54961
ARG,2015,DA,MinEd_Arg,Tamano,Docentes,Secundaria,Rural_Urbano,Rural,21491
ARG,2015,DA,MinEd_Arg,Tamano,Docentes,Todos,Rural_Urbano,Rural,76452
ARG,2015,DA,MinEd_Arg,Tamano,Docentes,Primaria,Rural_Urbano,Urbano,297311
ARG,2015,DA,MinEd_Arg,Tamano,Docentes,Secundaria,Rural_Urbano,Urbano,166232
ARG,2015,DA,MinEd_Arg,Tamano,Docentes,Todos,Rural_Urbano,Urbano,463543
ARG,2005,UNESCO-WDI,UIS-WDI,Tamano,Edades_Poblacion,Inicial,Genero,Hombre,5.562
ARG,2005,UNESCO-WDI,UIS-WDI,Tamano,Edades_Poblacion,Primaria,Genero,Hombre,11.044
ARG,2005,UNESCO-WDI,UIS-WDI,Tamano,Edades_Poblacion,Secundaria_Alta,Genero,Hombre,5.409
ARG,2005,UNESCO-WDI,UIS-WDI,Tamano,Edades_Poblacion,Secundaria_Baja,Genero,Hombre,5.545
ARG,2005,UNESCO-WDI,UIS-WDI,Tamano,Edades_Poblacion,Inicial,Genero,Mujer,5.152
ARG,2005,UNESCO-WDI,UIS-WDI,Tamano,Edades_Poblacion,Primaria,Genero,Mujer,10.229
ARG,2005,UNESCO-WDI,UIS-WDI,Tamano,Edades_Poblacion,Secundaria_Alta,Genero,Mujer,5.034
ARG,2005,UNESCO-WDI,UIS-WDI,Tamano,Edades_Poblacion,Secundaria_Baja,Genero,Mujer,5.139
ARG,2005,UNESCO-WDI,UIS-WDI,Tamano,Edades_Poblacion,Inicial,No_Aplica,No_Desagregado,5.353
ARG,2005,UNESCO-WDI,UIS-WDI,Tamano,Edades_Poblacion,Primaria,No_Aplica,No_Desagregado,10.627
ARG,2005,UNESCO-WDI,UIS-WDI,Tamano,Edades_Poblacion,Secundaria_Alta,No_Aplica,No_Desagregado,5.218
ARG,2005,UNESCO-WDI,UIS-WDI,Tamano,Edades_Poblacion,Secundaria_Baja,No_Aplica,No_Desagregado,5.338
ARG,2006,UNESCO-WDI,UIS-WDI,Tamano,Edades_Poblacion,Inicial,Genero,Hombre,5.569
ARG,2006,UNESCO-WDI,UIS-WDI,Tamano,Edades_Poblacion,Primaria,Genero,Hombre,10.893
ARG,2006,UNESCO-WDI,UIS-WDI,Tamano,Edades_Poblacion,Secundaria_Alta,Genero,Hombre,5.388
ARG,2006,UNESCO-WDI,UIS-WDI,Tamano,Edades_Poblacion,Secundaria_Baja,Genero,Hombre,5.501
ARG,2006,UNESCO-WDI,UIS-WDI,Tamano,Edades_Poblacion,Inicial,Genero,Mujer,5.155
ARG,2006,UNESCO-WDI,UIS-WDI,Tamano,Edades_Poblacion,Primaria,Genero,Mujer,10.091
ARG,2006,UNESCO-WDI,UIS-WDI,Tamano,Edades_Poblacion,Secundaria_Alta,Genero,Mujer,5.01
ARG,2006,UNESCO-WDI,UIS-WDI,Tamano,Edades_Poblacion,Secundaria_Baja,Genero,Mujer,5.095
ARG,2006,UNESCO-WDI,UIS-WDI,Tamano,Edades_Poblacion,Inicial,No_Aplica,No_Desagregado,5.357
ARG,2006,UNESCO-WDI,UIS-WDI,Tamano,Edades_Poblacion,Primaria,No_Aplica,No_Desagregado,10.484
ARG,2006,UNESCO-WDI,UIS-WDI,Tamano,Edades_Poblacion,Secundaria_Alta,No_Aplica,No_Desagregado,5.195
ARG,2006,UNESCO-WDI,UIS-WDI,Tamano,Edades_Poblacion,Secundaria_Baja,No_Aplica,No_Desagregado,5.294
ARG,2007,UNESCO-WDI,UIS-WDI,Tamano,Edades_Poblacion,Inicial,Genero,Hombre,5.59
ARG,2007,UNESCO-WDI,UIS-WDI,Tamano,Edades_Poblacion,Primaria,Genero,Hombre,10.786
ARG,2007,UNESCO-WDI,UIS-WDI,Tamano,Edades_Poblacion,Secundaria_Alta,Genero,Hombre,5.372
ARG,2007,UNESCO-WDI,UIS-WDI,Tamano,Edades_Poblacion,Secundaria_Baja,Genero,Hombre,5.434
ARG,2007,UNESCO-WDI,UIS-WDI,Tamano,Edades_Poblacion,Inicial,Genero,Mujer,5.171
ARG,2007,UNESCO-WDI,UIS-WDI,Tamano,Edades_Poblacion,Primaria,Genero,Mujer,9.99
ARG,2007,UNESCO-WDI,UIS-WDI,Tamano,Edades_Poblacion,Secundaria_Alta,Genero,Mujer,4.989
ARG,2007,UNESCO-WDI,UIS-WDI,Tamano,Edades_Poblacion,Secundaria_Baja,Genero,Mujer,5.032
ARG,2007,UNESCO-WDI,UIS-WDI,Tamano,Edades_Poblacion,Inicial,No_Aplica,No_Desagregado,5.376
ARG,2007,UNESCO-WDI,UIS-WDI,Tamano,Edades_Poblacion,Primaria,No_Aplica,No_Desagregado,10.38
ARG,2007,UNESCO-WDI,UIS-WDI,Tamano,Edades_Poblacion,Secundaria_Alta,No_Aplica,No_Desagregado,5.176
ARG,2007,UNESCO-WDI,UIS-WDI,Tamano,Edades_Poblacion,Secundaria_Baja,No_Aplica,No_Desagregado,5.229
ARG,2008,UNESCO-WDI,UIS-WDI,Tamano,Edades_Poblacion,Inicial,Genero,Hombre,5.607
ARG,2008,UNESCO-WDI,UIS-WDI,Tamano,Edades_Poblacion,Primaria,Genero,Hombre,10.722
ARG,2008,UNESCO-WDI,UIS-WDI,Tamano,Edades_Poblacion,Secundaria_Alta,Genero,Hombre,5.353
ARG,2008,UNESCO-WDI,UIS-WDI,Tamano,Edades_Poblacion,Secundaria_Baja,Genero,Hombre,5.353
ARG,2008,UNESCO-WDI,UIS-WDI,Tamano,Edades_Poblacion,Inicial,Genero,Mujer,5.183
ARG,2008,UNESCO-WDI,UIS-WDI,Tamano,Edades_Poblacion,Primaria,Genero,Mujer,9.927
ARG,2008,UNESCO-WDI,UIS-WDI,Tamano,Edades_Poblacion,Secundaria_Alta,Genero,Mujer,4.965
ARG,2008,UNESCO-WDI,UIS-WDI,Tamano,Edades_Poblacion,Secundaria_Baja,Genero,Mujer,4.957
ARG,2008,UNESCO-WDI,UIS-WDI,Tamano,Edades_Poblacion,Inicial,No_Aplica,No_Desagregado,5.39
ARG,2008,UNESCO-WDI,UIS-WDI,Tamano,Edades_Poblacion,Primaria,No_Aplica,No_Desagregado,10.316
ARG,2008,UNESCO-WDI,UIS-WDI,Tamano,Edades_Poblacion,Secundaria_Alta,No_Aplica,No_Desagregado,5.155
ARG,2008,UNESCO-WDI,UIS-WDI,Tamano,Edades_Poblacion,Secundaria_Baja,No_Aplica,No_Desagregado,5.15
ARG,2009,UNESCO-WDI,UIS-WDI,Tamano,Edades_Poblacion,Inicial,Genero,Hombre,5.565
ARG,2009,UNESCO-WDI,UIS-WDI,Tamano,Edades_Poblacion,Primaria,Genero,Hombre,10.695
ARG,2009,UNESCO-WDI,UIS-WDI,Tamano,Edades_Poblacion,Secundaria_Alta,Genero,Hombre,5.317
ARG,2009,UNESCO-WDI,UIS-WDI,Tamano,Edades_Poblacion,Secundaria_Baja,Genero,Hombre,5.265
ARG,2009,UNESCO-WDI,UIS-WDI,Tamano,Edades_Poblacion,Inicial,Genero,Mujer,5.146
ARG,2009,UNESCO-WDI,UIS-WDI,Tamano,Edades_Poblacion,Primaria,Genero,Mujer,9.898
ARG,2009,UNESCO-WDI,UIS-WDI,Tamano,Edades_Poblacion,Secundaria_Alta,Genero,Mujer,4.927
ARG,2009,UNESCO-WDI,UIS-WDI,Tamano,Edades_Poblacion,Secundaria_Baja,Genero,Mujer,4.875
ARG,2009,UNESCO-WDI,UIS-WDI,Tamano,Edades_Poblacion,Inicial,No_Aplica,No_Desagregado,5.351
ARG,2009,UNESCO-WDI,UIS-WDI,Tamano,Edades_Poblacion,Primaria,No_Aplica,No_Desagregado,10.288
ARG,2009,UNESCO-WDI,UIS-WDI,Tamano,Edades_Poblacion,Secundaria_Alta,No_Aplica,No_Desagregado,5.118
ARG,2009,UNESCO-WDI,UIS-WDI,Tamano,Edades_Poblacion,Secundaria_Baja,No_Aplica,No_Desagregado,5.066
ARG,2010,UNESCO-WDI,UIS-WDI,Tamano,Edades_Poblacion,Inicial,Genero,Hombre,5.526
ARG,2010,UNESCO-WDI,UIS-WDI,Tamano,Edades_Poblacion,Primaria,Genero,Hombre,10.691
ARG,2010,UNESCO-WDI,UIS-WDI,Tamano,Edades_Poblacion,Secundaria_Alta,Genero,Hombre,5.253
ARG,2010,UNESCO-WDI,UIS-WDI,Tamano,Edades_Poblacion,Secundaria_Baja,Genero,Hombre,5.181
ARG,2010,UNESCO-WDI,UIS-WDI,Tamano,Edades_Poblacion,Inicial,Genero,Mujer,5.11
ARG,2010,UNESCO-WDI,UIS-WDI,Tamano,Edades_Poblacion,Primaria,Genero,Mujer,9.89
ARG,2010,UNESCO-WDI,UIS-WDI,Tamano,Edades_Poblacion,Secundaria_Alta,Genero,Mujer,4.865
ARG,2010,UNESCO-WDI,UIS-WDI,Tamano,Edades_Poblacion,Secundaria_Baja,Genero,Mujer,4.797
ARG,2010,UNESCO-WDI,UIS-WDI,Tamano,Edades_Poblacion,Inicial,No_Aplica,No_Desagregado,5.313
ARG,2010,UNESCO-WDI,UIS-WDI,Tamano,Edades_Poblacion,Primaria,No_Aplica,No_Desagregado,10.282
ARG,2010,UNESCO-WDI,UIS-WDI,Tamano,Edades_Poblacion,Secundaria_Alta,No_Aplica,No_Desagregado,5.055
ARG,2010,UNESCO-WDI,UIS-WDI,Tamano,Edades_Poblacion,Secundaria_Baja,No_Aplica,No_Desagregado,4.985
ARG,2011,UNESCO-WDI,UIS-WDI,Tamano,Edades_Poblacion,Inicial,Genero,Hombre,5.472
ARG,2011,UNESCO-WDI,UIS-WDI,Tamano,Edades_Poblacion,Primaria,Genero,Hombre,10.681
ARG,2011,UNESCO-WDI,UIS-WDI,Tamano,Edades_Poblacion,Secundaria_Alta,Genero,Hombre,5.176
ARG,2011,UNESCO-WDI,UIS-WDI,Tamano,Edades_Poblacion,Secundaria_Baja,Genero,Hombre,5.128
ARG,2011,UNESCO-WDI,UIS-WDI,Tamano,Edades_Poblacion,Inicial,Genero,Mujer,5.061
ARG,2011,UNESCO-WDI,UIS-WDI,Tamano,Edades_Poblacion,Primaria,Genero,Mujer,9.884
ARG,2011,UNESCO-WDI,UIS-WDI,Tamano,Edades_Poblacion,Secundaria_Alta,Genero,Mujer,4.796
ARG,2011,UNESCO-WDI,UIS-WDI,Tamano,Edades_Poblacion,Secundaria_Baja,Genero,Mujer,4.749
ARG,2011,UNESCO-WDI,UIS-WDI,Tamano,Edades_Poblacion,Inicial,No_Aplica,No_Desagregado,5.262
ARG,2011,UNESCO-WDI,UIS-WDI,Tamano,Edades_Poblacion,Primaria,No_Aplica,No_Desagregado,10.274
ARG,2011,UNESCO-WDI,UIS-WDI,Tamano,Edades_Poblacion,Secundaria_Alta,No_Aplica,No_Desagregado,4.982
ARG,2011,UNESCO-WDI,UIS-WDI,Tamano,Edades_Poblacion,Secundaria_Baja,No_Aplica,No_Desagregado,4.934
ARG,2012,UNESCO-WDI,UIS-WDI,Tamano,Edades_Poblacion,Inicial,Genero,Hombre,5.407
ARG,2012,UNESCO-WDI,UIS-WDI,Tamano,Edades_Poblacion,Primaria,Genero,Hombre,10.647
ARG,2012,UNESCO-WDI,UIS-WDI,Tamano,Edades_Poblacion,Secundaria_Alta,Genero,Hombre,5.092
ARG,2012,UNESCO-WDI,UIS-WDI,Tamano,Edades_Poblacion,Secundaria_Baja,Genero,Hombre,5.106
ARG,2012,UNESCO-WDI,UIS-WDI,Tamano,Edades_Poblacion,Inicial,Genero,Mujer,5.002
ARG,2012,UNESCO-WDI,UIS-WDI,Tamano,Edades_Poblacion,Primaria,Genero,Mujer,9.855
ARG,2012,UNESCO-WDI,UIS-WDI,Tamano,Edades_Poblacion,Secundaria_Alta,Genero,Mujer,4.72
ARG,2012,UNESCO-WDI,UIS-WDI,Tamano,Edades_Poblacion,Secundaria_Baja,Genero,Mujer,4.729
ARG,2012,UNESCO-WDI,UIS-WDI,Tamano,Edades_Poblacion,Inicial,No_Aplica,No_Desagregado,5.2
ARG,2012,UNESCO-WDI,UIS-WDI,Tamano,Edades_Poblacion,Primaria,No_Aplica,No_Desagregado,10.242
ARG,2012,UNESCO-WDI,UIS-WDI,Tamano,Edades_Poblacion,Secundaria_Alta,No_Aplica,No_Desagregado,4.902
ARG,2012,UNESCO-WDI,UIS-WDI,Tamano,Edades_Poblacion,Secundaria_Baja,No_Aplica,No_Desagregado,4.913
ARG,2013,UNESCO-WDI,UIS-WDI,Tamano,Edades_Poblacion,Inicial,Genero,Hombre,5.344
ARG,2013,UNESCO-WDI,UIS-WDI,Tamano,Edades_Poblacion,Primaria,Genero,Hombre,10.589
ARG,2013,UNESCO-WDI,UIS-WDI,Tamano,Edades_Poblacion,Secundaria_Alta,Genero,Hombre,5.017
ARG,2013,UNESCO-WDI,UIS-WDI,Tamano,Edades_Poblacion,Secundaria_Baja,Genero,Hombre,5.104
ARG,2013,UNESCO-WDI,UIS-WDI,Tamano,Edades_Poblacion,Inicial,Genero,Mujer,4.944
ARG,2013,UNESCO-WDI,UIS-WDI,Tamano,Edades_Poblacion,Primaria,Genero,Mujer,9.803
ARG,2013,UNESCO-WDI,UIS-WDI,Tamano,Edades_Poblacion,Secundaria_Alta,Genero,Mujer,4.651
ARG,2013,UNESCO-WDI,UIS-WDI,Tamano,Edades_Poblacion,Secundaria_Baja,Genero,Mujer,4.728
ARG,2013,UNESCO-WDI,UIS-WDI,Tamano,Edades_Poblacion,Inicial,No_Aplica,No_Desagregado,5.14
ARG,2013,UNESCO-WDI,UIS-WDI,Tamano,Edades_Poblacion,Primaria,No_Aplica,No_Desagregado,10.188
ARG,2013,UNESCO-WDI,UIS-WDI,Tamano,Edades_Poblacion,Secundaria_Alta,No_Aplica,No_Desagregado,4.83
ARG,2013,UNESCO-WDI,UIS-WDI,Tamano,Edades_Poblacion,Secundaria_Baja,No_Aplica,No_Desagregado,4.912
ARG,2014,UNESCO-WDI,UIS-WDI,Tamano,Edades_Poblacion,Inicial,Genero,Hombre,5.313
ARG,2014,UNESCO-WDI,UIS-WDI,Tamano,Edades_Poblacion,Primaria,Genero,Hombre,10.509
ARG,2014,UNESCO-WDI,UIS-WDI,Tamano,Edades_Poblacion,Secundaria_Alta,Genero,Hombre,4.965
ARG,2014,UNESCO-WDI,UIS-WDI,Tamano,Edades_Poblacion,Secundaria_Baja,Genero,Hombre,5.11
ARG,2014,UNESCO-WDI,UIS-WDI,Tamano,Edades_Poblacion,Inicial,Genero,Mujer,4.916
ARG,2014,UNESCO-WDI,UIS-WDI,Tamano,Edades_Poblacion,Primaria,Genero,Mujer,9.731
ARG,2014,UNESCO-WDI,UIS-WDI,Tamano,Edades_Poblacion,Secundaria_Alta,Genero,Mujer,4.603
ARG,2014,UNESCO-WDI,UIS-WDI,Tamano,Edades_Poblacion,Secundaria_Baja,Genero,Mujer,4.734
ARG,2014,UNESCO-WDI,UIS-WDI,Tamano,Edades_Poblacion,Inicial,No_Aplica,No_Desagregado,5.11
ARG,2014,UNESCO-WDI,UIS-WDI,Tamano,Edades_Poblacion,Primaria,No_Aplica,No_Desagregado,10.112
ARG,2014,UNESCO-WDI,UIS-WDI,Tamano,Edades_Poblacion,Secundaria_Alta,No_Aplica,No_Desagregado,4.78
ARG,2014,UNESCO-WDI,UIS-WDI,Tamano,Edades_Poblacion,Secundaria_Baja,No_Aplica,No_Desagregado,4.918
ARG,2005,DA,MinEd_Arg,Tamano,Escuelas,Primaria,No_Aplica,No_Desagregado,22196
ARG,2005,DA,MinEd_Arg,Tamano,Escuelas,Secundaria,No_Aplica,No_Desagregado,22080
ARG,2005,DA,MinEd_Arg,Tamano,Escuelas,Todos,No_Aplica,No_Desagregado,44276
ARG,2005,DA,MinEd_Arg,Tamano,Escuelas,Primaria,Publico_Privado,Privado,3601
ARG,2005,DA,MinEd_Arg,Tamano,Escuelas,Secundaria,Publico_Privado,Privado,6526
ARG,2005,DA,MinEd_Arg,Tamano,Escuelas,Todos,Publico_Privado,Privado,10127
ARG,2005,DA,MinEd_Arg,Tamano,Escuelas,Primaria,Publico_Privado,Publico,18595
ARG,2005,DA,MinEd_Arg,Tamano,Escuelas,Secundaria,Publico_Privado,Publico,15554
ARG,2005,DA,MinEd_Arg,Tamano,Escuelas,Todos,Publico_Privado,Publico,34149
ARG,2007,DA,MinEd_Arg,Tamano,Escuelas,Primaria,No_Aplica,No_Desagregado,22164
ARG,2007,DA,MinEd_Arg,Tamano,Escuelas,Secundaria,No_Aplica,No_Desagregado,21403
ARG,2007,DA,MinEd_Arg,Tamano,Escuelas,Todos,No_Aplica,No_Desagregado,43567
ARG,2007,DA,MinEd_Arg,Tamano,Escuelas,Primaria,Publico_Privado,Privado,3602
ARG,2007,DA,MinEd_Arg,Tamano,Escuelas,Secundaria,Publico_Privado,Privado,6690
ARG,2007,DA,MinEd_Arg,Tamano,Escuelas,Todos,Publico_Privado,Privado,10292
ARG,2007,DA,MinEd_Arg,Tamano,Escuelas,Primaria,Publico_Privado,Publico,18562
ARG,2007,DA,MinEd_Arg,Tamano,Escuelas,Secundaria,Publico_Privado,Publico,14713
ARG,2007,DA,MinEd_Arg,Tamano,Escuelas,Todos,Publico_Privado,Publico,33275
ARG,2007,DA,MinEd_Arg,Tamano,Escuelas,Primaria,Rural_Urbano,Rural,11055
ARG,2007,DA,MinEd_Arg,Tamano,Escuelas,Secundaria,Rural_Urbano,Rural,5967
ARG,2007,DA,MinEd_Arg,Tamano,Escuelas,Todos,Rural_Urbano,Rural,17022
ARG,2007,DA,MinEd_Arg,Tamano,Escuelas,Primaria,Rural_Urbano,Urbano,11109
ARG,2007,DA,MinEd_Arg,Tamano,Escuelas,Secundaria,Rural_Urbano,Urbano,15436
ARG,2007,DA,MinEd_Arg,Tamano,Escuelas,Todos,Rural_Urbano,Urbano,26545
ARG,2008,DA,MinEd_Arg,Tamano,Escuelas,Primaria,No_Aplica,No_Desagregado,22207
ARG,2008,DA,MinEd_Arg,Tamano,Escuelas,Secundaria,No_Aplica,No_Desagregado,15524
ARG,2008,DA,MinEd_Arg,Tamano,Escuelas,Todos,No_Aplica,No_Desagregado,37731
ARG,2008,DA,MinEd_Arg,Tamano,Escuelas,Primaria,Publico_Privado,Privado,3646
ARG,2008,DA,MinEd_Arg,Tamano,Escuelas,Secundaria,Publico_Privado,Privado,4623
ARG,2008,DA,MinEd_Arg,Tamano,Escuelas,Todos,Publico_Privado,Privado,8269
ARG,2008,DA,MinEd_Arg,Tamano,Escuelas,Primaria,Publico_Privado,Publico,18561
ARG,2008,DA,MinEd_Arg,Tamano,Escuelas,Secundaria,Publico_Privado,Publico,10901
ARG,2008,DA,MinEd_Arg,Tamano,Escuelas,Todos,Publico_Privado,Publico,29462
ARG,2008,DA,MinEd_Arg,Tamano,Escuelas,Primaria,Rural_Urbano,Rural,10932
ARG,2008,DA,MinEd_Arg,Tamano,Escuelas,Secundaria,Rural_Urbano,Rural,4357
ARG,2008,DA,MinEd_Arg,Tamano,Escuelas,Todos,Rural_Urbano,Rural,15289
ARG,2008,DA,MinEd_Arg,Tamano,Escuelas,Primaria,Rural_Urbano,Urbano,11275
ARG,2008,DA,MinEd_Arg,Tamano,Escuelas,Secundaria,Rural_Urbano,Urbano,11167
ARG,2008,DA,MinEd_Arg,Tamano,Escuelas,Todos,Rural_Urbano,Urbano,22442
ARG,2009,DA,MinEd_Arg,Tamano,Escuelas,Primaria,No_Aplica,No_Desagregado,22187
ARG,2009,DA,MinEd_Arg,Tamano,Escuelas,Secundaria,No_Aplica,No_Desagregado,14779
ARG,2009,DA,MinEd_Arg,Tamano,Escuelas,Todos,No_Aplica,No_Desagregado,36966
ARG,2009,DA,MinEd_Arg,Tamano,Escuelas,Primaria,Publico_Privado,Privado,3637
ARG,2009,DA,MinEd_Arg,Tamano,Escuelas,Secundaria,Publico_Privado,Privado,4585
ARG,2009,DA,MinEd_Arg,Tamano,Escuelas,Todos,Publico_Privado,Privado,8222
ARG,2009,DA,MinEd_Arg,Tamano,Escuelas,Primaria,Publico_Privado,Publico,18550
ARG,2009,DA,MinEd_Arg,Tamano,Escuelas,Secundaria,Publico_Privado,Publico,10194
ARG,2009,DA,MinEd_Arg,Tamano,Escuelas,Todos,Publico_Privado,Publico,28744
ARG,2009,DA,MinEd_Arg,Tamano,Escuelas,Primaria,Rural_Urbano,Rural,10372
ARG,2009,DA,MinEd_Arg,Tamano,Escuelas,Secundaria,Rural_Urbano,Rural,3561
ARG,2009,DA,MinEd_Arg,Tamano,Escuelas,Todos,Rural_Urbano,Rural,13933
ARG,2009,DA,MinEd_Arg,Tamano,Escuelas,Primaria,Rural_Urbano,Urbano,11815
ARG,2009,DA,MinEd_Arg,Tamano,Escuelas,Secundaria,Rural_Urbano,Urbano,11218
ARG,2009,DA,MinEd_Arg,Tamano,Escuelas,Todos,Rural_Urbano,Urbano,23033
ARG,2010,DA,MinEd_Arg,Tamano,Escuelas,Primaria,No_Aplica,No_Desagregado,22227
ARG,2010,DA,MinEd_Arg,Tamano,Escuelas,Secundaria,No_Aplica,No_Desagregado,13412
ARG,2010,DA,MinEd_Arg,Tamano,Escuelas,Todos,No_Aplica,No_Desagregado,35639
ARG,2010,DA,MinEd_Arg,Tamano,Escuelas,Primaria,Publico_Privado,Privado,3687
ARG,2010,DA,MinEd_Arg,Tamano,Escuelas,Secundaria,Publico_Privado,Privado,4450
ARG,2010,DA,MinEd_Arg,Tamano,Escuelas,Todos,Publico_Privado,Privado,8137
ARG,2010,DA,MinEd_Arg,Tamano,Escuelas,Primaria,Publico_Privado,Publico,18540
ARG,2010,DA,MinEd_Arg,Tamano,Escuelas,Secundaria,Publico_Privado,Publico,8962
ARG,2010,DA,MinEd_Arg,Tamano,Escuelas,Todos,Publico_Privado,Publico,27502
ARG,2010,DA,MinEd_Arg,Tamano,Escuelas,Primaria,Rural_Urbano,Rural,10325
ARG,2010,DA,MinEd_Arg,Tamano,Escuelas,Secundaria,Rural_Urbano,Rural,3082
ARG,2010,DA,MinEd_Arg,Tamano,Escuelas,Todos,Rural_Urbano,Rural,13407
ARG,2010,DA,MinEd_Arg,Tamano,Escuelas,Primaria,Rural_Urbano,Urbano,11902
ARG,2010,DA,MinEd_Arg,Tamano,Escuelas,Secundaria,Rural_Urbano,Urbano,10330
ARG,2010,DA,MinEd_Arg,Tamano,Escuelas,Todos,Rural_Urbano,Urbano,22232
ARG,2011,DA,MinEd_Arg,Tamano,Escuelas,Primaria,No_Aplica,No_Desagregado,22261
ARG,2011,DA,MinEd_Arg,Tamano,Escuelas,Secundaria,No_Aplica,No_Desagregado,12178
ARG,2011,DA,MinEd_Arg,Tamano,Escuelas,Todos,No_Aplica,No_Desagregado,34439
ARG,2011,DA,MinEd_Arg,Tamano,Escuelas,Primaria,Publico_Privado,Privado,3712
ARG,2011,DA,MinEd_Arg,Tamano,Escuelas,Secundaria,Publico_Privado,Privado,3847
ARG,2011,DA,MinEd_Arg,Tamano,Escuelas,Todos,Publico_Privado,Privado,7559
ARG,2011,DA,MinEd_Arg,Tamano,Escuelas,Primaria,Publico_Privado,Publico,18549
ARG,2011,DA,MinEd_Arg,Tamano,Escuelas,Secundaria,Publico_Privado,Publico,8331
ARG,2011,DA,MinEd_Arg,Tamano,Escuelas,Todos,Publico_Privado,Publico,26880
ARG,2011,DA,MinEd_Arg,Tamano,Escuelas,Primaria,Rural_Urbano,Rural,10395
ARG,2011,DA,MinEd_Arg,Tamano,Escuelas,Secundaria,Rural_Urbano,Rural,2871
ARG,2011,DA,MinEd_Arg,Tamano,Escuelas,Todos,Rural_Urbano,Rural,13266
ARG,2011,DA,MinEd_Arg,Tamano,Escuelas,Primaria,Rural_Urbano,Urbano,11866
ARG,2011,DA,MinEd_Arg,Tamano,Escuelas,Secundaria,Rural_Urbano,Urbano,9307
ARG,2011,DA,MinEd_Arg,Tamano,Escuelas,Todos,Rural_Urbano,Urbano,21173
ARG,2012,DA,MinEd_Arg,Tamano,Escuelas,Primaria,No_Aplica,No_Desagregado,22256
ARG,2012,DA,MinEd_Arg,Tamano,Escuelas,Secundaria,No_Aplica,No_Desagregado,12155
ARG,2012,DA,MinEd_Arg,Tamano,Escuelas,Todos,No_Aplica,No_Desagregado,34411
ARG,2012,DA,MinEd_Arg,Tamano,Escuelas,Primaria,Publico_Privado,Privado,3727
ARG,2012,DA,MinEd_Arg,Tamano,Escuelas,Secundaria,Publico_Privado,Privado,3843
ARG,2012,DA,MinEd_Arg,Tamano,Escuelas,Todos,Publico_Privado,Privado,7570
ARG,2012,DA,MinEd_Arg,Tamano,Escuelas,Primaria,Publico_Privado,Publico,18529
ARG,2012,DA,MinEd_Arg,Tamano,Escuelas,Secundaria,Publico_Privado,Publico,8312
ARG,2012,DA,MinEd_Arg,Tamano,Escuelas,Todos,Publico_Privado,Publico,26841
ARG,2012,DA,MinEd_Arg,Tamano,Escuelas,Primaria,Rural_Urbano,Rural,10338
ARG,2012,DA,MinEd_Arg,Tamano,Escuelas,Secundaria,Rural_Urbano,Rural,2901
ARG,2012,DA,MinEd_Arg,Tamano,Escuelas,Todos,Rural_Urbano,Rural,13239
ARG,2012,DA,MinEd_Arg,Tamano,Escuelas,Primaria,Rural_Urbano,Urbano,11918
ARG,2012,DA,MinEd_Arg,Tamano,Escuelas,Secundaria,Rural_Urbano,Urbano,9254
ARG,2012,DA,MinEd_Arg,Tamano,Escuelas,Todos,Rural_Urbano,Urbano,21172
ARG,2013,DA,MinEd_Arg,Tamano,Escuelas,Primaria,No_Aplica,No_Desagregado,22227
ARG,2013,DA,MinEd_Arg,Tamano,Escuelas,Secundaria,No_Aplica,No_Desagregado,11939
ARG,2013,DA,MinEd_Arg,Tamano,Escuelas,Todos,No_Aplica,No_Desagregado,34166
ARG,2013,DA,MinEd_Arg,Tamano,Escuelas,Primaria,Publico_Privado,Privado,3750
ARG,2013,DA,MinEd_Arg,Tamano,Escuelas,Secundaria,Publico_Privado,Privado,3838
ARG,2013,DA,MinEd_Arg,Tamano,Escuelas,Todos,Publico_Privado,Privado,7588
ARG,2013,DA,MinEd_Arg,Tamano,Escuelas,Primaria,Publico_Privado,Publico,18477
ARG,2013,DA,MinEd_Arg,Tamano,Escuelas,Secundaria,Publico_Privado,Publico,8101
ARG,2013,DA,MinEd_Arg,Tamano,Escuelas,Todos,Publico_Privado,Publico,26578
ARG,2013,DA,MinEd_Arg,Tamano,Escuelas,Primaria,Rural_Urbano,Rural,10276
ARG,2013,DA,MinEd_Arg,Tamano,Escuelas,Secundaria,Rural_Urbano,Rural,2797
ARG,2013,DA,MinEd_Arg,Tamano,Escuelas,Todos,Rural_Urbano,Rural,13073
ARG,2013,DA,MinEd_Arg,Tamano,Escuelas,Primaria,Rural_Urbano,Urbano,11951
ARG,2013,DA,MinEd_Arg,Tamano,Escuelas,Secundaria,Rural_Urbano,Urbano,9142
ARG,2013,DA,MinEd_Arg,Tamano,Escuelas,Todos,Rural_Urbano,Urbano,21093
ARG,2014,DA,MinEd_Arg,Tamano,Escuelas,Primaria,No_Aplica,No_Desagregado,22193
ARG,2014,DA,MinEd_Arg,Tamano,Escuelas,Secundaria,No_Aplica,No_Desagregado,11758
ARG,2014,DA,MinEd_Arg,Tamano,Escuelas,Todos,No_Aplica,No_Desagregado,33951
ARG,2014,DA,MinEd_Arg,Tamano,Escuelas,Primaria,Publico_Privado,Privado,3785
ARG,2014,DA,MinEd_Arg,Tamano,Escuelas,Secundaria,Publico_Privado,Privado,3841
ARG,2014,DA,MinEd_Arg,Tamano,Escuelas,Todos,Publico_Privado,Privado,7626
ARG,2014,DA,MinEd_Arg,Tamano,Escuelas,Primaria,Publico_Privado,Publico,18408
ARG,2014,DA,MinEd_Arg,Tamano,Escuelas,Secundaria,Publico_Privado,Publico,7917
ARG,2014,DA,MinEd_Arg,Tamano,Escuelas,Todos,Publico_Privado,Publico,26325
ARG,2014,DA,MinEd_Arg,Tamano,Escuelas,Primaria,Rural_Urbano,Rural,10189
ARG,2014,DA,MinEd_Arg,Tamano,Escuelas,Secundaria,Rural_Urbano,Rural,2684
ARG,2014,DA,MinEd_Arg,Tamano,Escuelas,Todos,Rural_Urbano,Rural,12873
ARG,2014,DA,MinEd_Arg,Tamano,Escuelas,Primaria,Rural_Urbano,Urbano,12004
ARG,2014,DA,MinEd_Arg,Tamano,Escuelas,Secundaria,Rural_Urbano,Urbano,9074
ARG,2014,DA,MinEd_Arg,Tamano,Escuelas,Todos,Rural_Urbano,Urbano,21078
ARG,2015,DA,MinEd_Arg,Tamano,Escuelas,Primaria,No_Aplica,No_Desagregado,22170
ARG,2015,DA,MinEd_Arg,Tamano,Escuelas,Secundaria,No_Aplica,No_Desagregado,11763
ARG,2015,DA,MinEd_Arg,Tamano,Escuelas,Todos,No_Aplica,No_Desagregado,33933
ARG,2015,DA,MinEd_Arg,Tamano,Escuelas,Primaria,Publico_Privado,Privado,3807
ARG,2015,DA,MinEd_Arg,Tamano,Escuelas,Secundaria,Publico_Privado,Privado,3862
ARG,2015,DA,MinEd_Arg,Tamano,Escuelas,Todos,Publico_Privado,Privado,7669
ARG,2015,DA,MinEd_Arg,Tamano,Escuelas,Primaria,Publico_Privado,Publico,18363
ARG,2015,DA,MinEd_Arg,Tamano,Escuelas,Secundaria,Publico_Privado,Publico,7901
ARG,2015,DA,MinEd_Arg,Tamano,Escuelas,Todos,Publico_Privado,Publico,26264
ARG,2015,DA,MinEd_Arg,Tamano,Escuelas,Primaria,Rural_Urbano,Rural,10141
ARG,2015,DA,MinEd_Arg,Tamano,Escuelas,Secundaria,Rural_Urbano,Rural,2660
ARG,2015,DA,MinEd_Arg,Tamano,Escuelas,Todos,Rural_Urbano,Rural,12801
ARG,2015,DA,MinEd_Arg,Tamano,Escuelas,Primaria,Rural_Urbano,Urbano,12029
ARG,2015,DA,MinEd_Arg,Tamano,Escuelas,Secundaria,Rural_Urbano,Urbano,9103
ARG,2015,DA,MinEd_Arg,Tamano,Escuelas,Todos,Rural_Urbano,Urbano,21132
ARG,2005,DA,MinEd_Arg,Tamano,Estudiantes,Inicial,Genero,Hombre,667562
ARG,2005,DA,MinEd_Arg,Tamano,Estudiantes,Primaria,Genero,Hombre,2393505
ARG,2005,DA,MinEd_Arg,Tamano,Estudiantes,Secundaria,Genero,Hombre,1669343
ARG,2005,DA,MinEd_Arg,Tamano,Estudiantes,Todos,Genero,Hombre,4062848
ARG,2005,DA,MinEd_Arg,Tamano,Estudiantes,Inicial,Genero,Mujer,656967
ARG,2005,DA,MinEd_Arg,Tamano,Estudiantes,Primaria,Genero,Mujer,2290458
ARG,2005,DA,MinEd_Arg,Tamano,Estudiantes,Secundaria,Genero,Mujer,1703068
ARG,2005,DA,MinEd_Arg,Tamano,Estudiantes,Todos,Genero,Mujer,3993526
ARG,2005,DA,MinEd_Arg,Tamano,Estudiantes,Inicial,No_Aplica,No_Desagregado,1324529
ARG,2005,DA,MinEd_Arg,Tamano,Estudiantes,Primaria,No_Aplica,No_Desagregado,4683963
ARG,2005,DA,MinEd_Arg,Tamano,Estudiantes,Secundaria,No_Aplica,No_Desagregado,3372411
ARG,2005,DA,MinEd_Arg,Tamano,Estudiantes,Todos,No_Aplica,No_Desagregado,8056374
ARG,2005,DA,MinEd_Arg,Tamano,Estudiantes,Inicial,Publico_Privado,Privado,401422
ARG,2005,DA,MinEd_Arg,Tamano,Estudiantes,Primaria,Publico_Privado,Privado,1031246
ARG,2005,DA,MinEd_Arg,Tamano,Estudiantes,Secundaria,Publico_Privado,Privado,948308
ARG,2005,DA,MinEd_Arg,Tamano,Estudiantes,Todos,Publico_Privado,Privado,1979554
ARG,2005,DA,MinEd_Arg,Tamano,Estudiantes,Inicial,Publico_Privado,Publico,923107
ARG,2005,DA,MinEd_Arg,Tamano,Estudiantes,Primaria,Publico_Privado,Publico,3652717
ARG,2005,DA,MinEd_Arg,Tamano,Estudiantes,Secundaria,Publico_Privado,Publico,2424103
ARG,2005,DA,MinEd_Arg,Tamano,Estudiantes,Todos,Publico_Privado,Publico,6076820
ARG,2006,DA,MinEd_Arg,Tamano,Estudiantes,Inicial,Genero,Hombre,672923
ARG,2006,DA,MinEd_Arg,Tamano,Estudiantes,Primaria,Genero,Hombre,2371860
ARG,2006,DA,MinEd_Arg,Tamano,Estudiantes,Secundaria,Genero,Hombre,1714118
ARG,2006,DA,MinEd_Arg,Tamano,Estudiantes,Todos,Genero,Hombre,4085978
ARG,2006,DA,MinEd_Arg,Tamano,Estudiantes,Inicial,Genero,Mujer,659599
ARG,2006,DA,MinEd_Arg,Tamano,Estudiantes,Primaria,Genero,Mujer,2260679
ARG,2006,DA,MinEd_Arg,Tamano,Estudiantes,Secundaria,Genero,Mujer,1748747
ARG,2006,DA,MinEd_Arg,Tamano,Estudiantes,Todos,Genero,Mujer,4009426
ARG,2006,DA,MinEd_Arg,Tamano,Estudiantes,Inicial,No_Aplica,No_Desagregado,1332522
ARG,2006,DA,MinEd_Arg,Tamano,Estudiantes,Primaria,No_Aplica,No_Desagregado,4632539
ARG,2006,DA,MinEd_Arg,Tamano,Estudiantes,Secundaria,No_Aplica,No_Desagregado,3462865
ARG,2006,DA,MinEd_Arg,Tamano,Estudiantes,Todos,No_Aplica,No_Desagregado,8095404
ARG,2006,DA,MinEd_Arg,Tamano,Estudiantes,Inicial,Publico_Privado,Privado,409356
ARG,2006,DA,MinEd_Arg,Tamano,Estudiantes,Primaria,Publico_Privado,Privado,1030497
ARG,2006,DA,MinEd_Arg,Tamano,Estudiantes,Secundaria,Publico_Privado,Privado,970069
ARG,2006,DA,MinEd_Arg,Tamano,Estudiantes,Todos,Publico_Privado,Privado,2000566
ARG,2006,DA,MinEd_Arg,Tamano,Estudiantes,Inicial,Publico_Privado,Publico,923166
ARG,2006,DA,MinEd_Arg,Tamano,Estudiantes,Primaria,Publico_Privado,Publico,3602042
ARG,2006,DA,MinEd_Arg,Tamano,Estudiantes,Secundaria,Publico_Privado,Publico,2492796
ARG,2006,DA,MinEd_Arg,Tamano,Estudiantes,Todos,Publico_Privado,Publico,6094838
ARG,2006,DA,MinEd_Arg,Tamano,Estudiantes,Primaria,Rural_Urbano,Rural,564959
ARG,2006,DA,MinEd_Arg,Tamano,Estudiantes,Secundaria,Rural_Urbano,Rural,219068
ARG,2006,DA,MinEd_Arg,Tamano,Estudiantes,Todos,Rural_Urbano,Rural,784027
ARG,2006,DA,MinEd_Arg,Tamano,Estudiantes,Primaria,Rural_Urbano,Urbano,4067580
ARG,2006,DA,MinEd_Arg,Tamano,Estudiantes,Secundaria,Rural_Urbano,Urbano,3243797
ARG,2006,DA,MinEd_Arg,Tamano,Estudiantes,Todos,Rural_Urbano,Urbano,7311377
ARG,2007,DA,MinEd_Arg,Tamano,Estudiantes,Inicial,Genero,Hombre,687914
ARG,2007,DA,MinEd_Arg,Tamano,Estudiantes,Primaria,Genero,Hombre,2378671
ARG,2007,DA,MinEd_Arg,Tamano,Estudiantes,Secundaria,Genero,Hombre,1714941
ARG,2007,DA,MinEd_Arg,Tamano,Estudiantes,Todos,Genero,Hombre,4093612
ARG,2007,DA,MinEd_Arg,Tamano,Estudiantes,Inicial,Genero,Mujer,676995
ARG,2007,DA,MinEd_Arg,Tamano,Estudiantes,Primaria,Genero,Mujer,2267172
ARG,2007,DA,MinEd_Arg,Tamano,Estudiantes,Secundaria,Genero,Mujer,1749588
ARG,2007,DA,MinEd_Arg,Tamano,Estudiantes,Todos,Genero,Mujer,4016760
ARG,2007,DA,MinEd_Arg,Tamano,Estudiantes,Inicial,No_Aplica,No_Desagregado,1364909
ARG,2007,DA,MinEd_Arg,Tamano,Estudiantes,Primaria,No_Aplica,No_Desagregado,4645843
ARG,2007,DA,MinEd_Arg,Tamano,Estudiantes,Secundaria,No_Aplica,No_Desagregado,3464529
ARG,2007,DA,MinEd_Arg,Tamano,Estudiantes,Todos,No_Aplica,No_Desagregado,8110372
ARG,2007,DA,MinEd_Arg,Tamano,Estudiantes,Inicial,Publico_Privado,Privado,422944
ARG,2007,DA,MinEd_Arg,Tamano,Estudiantes,Primaria,Publico_Privado,Privado,1066315
ARG,2007,DA,MinEd_Arg,Tamano,Estudiantes,Secundaria,Publico_Privado,Privado,978524
ARG,2007,DA,MinEd_Arg,Tamano,Estudiantes,Todos,Publico_Privado,Privado,2044839
ARG,2007,DA,MinEd_Arg,Tamano,Estudiantes,Inicial,Publico_Privado,Publico,941965
ARG,2007,DA,MinEd_Arg,Tamano,Estudiantes,Primaria,Publico_Privado,Publico,3579528
ARG,2007,DA,MinEd_Arg,Tamano,Estudiantes,Secundaria,Publico_Privado,Publico,2486005
ARG,2007,DA,MinEd_Arg,Tamano,Estudiantes,Todos,Publico_Privado,Publico,6065533
ARG,2007,DA,MinEd_Arg,Tamano,Estudiantes,Primaria,Rural_Urbano,Rural,601357
ARG,2007,DA,MinEd_Arg,Tamano,Estudiantes,Secundaria,Rural_Urbano,Rural,249229
ARG,2007,DA,MinEd_Arg,Tamano,Estudiantes,Todos,Rural_Urbano,Rural,850586
ARG,2007,DA,MinEd_Arg,Tamano,Estudiantes,Primaria,Rural_Urbano,Urbano,4044486
ARG,2007,DA,MinEd_Arg,Tamano,Estudiantes,Secundaria,Rural_Urbano,Urbano,3215300
ARG,2007,DA,MinEd_Arg,Tamano,Estudiantes,Todos,Rural_Urbano,Urbano,7259786
ARG,2008,DA,MinEd_Arg,Tamano,Estudiantes,Inicial,Genero,Hombre,713618
ARG,2008,DA,MinEd_Arg,Tamano,Estudiantes,Primaria,Genero,Hombre,2387980
ARG,2008,DA,MinEd_Arg,Tamano,Estudiantes,Secundaria,Genero,Hombre,1740427
ARG,2008,DA,MinEd_Arg,Tamano,Estudiantes,Todos,Genero,Hombre,4128407
ARG,2008,DA,MinEd_Arg,Tamano,Estudiantes,Inicial,Genero,Mujer,705140
ARG,2008,DA,MinEd_Arg,Tamano,Estudiantes,Primaria,Genero,Mujer,2276045
ARG,2008,DA,MinEd_Arg,Tamano,Estudiantes,Secundaria,Genero,Mujer,1782705
ARG,2008,DA,MinEd_Arg,Tamano,Estudiantes,Todos,Genero,Mujer,4058750
ARG,2008,DA,MinEd_Arg,Tamano,Estudiantes,Inicial,No_Aplica,No_Desagregado,1418758
ARG,2008,DA,MinEd_Arg,Tamano,Estudiantes,Primaria,No_Aplica,No_Desagregado,4664025
ARG,2008,DA,MinEd_Arg,Tamano,Estudiantes,Secundaria,No_Aplica,No_Desagregado,3523132
ARG,2008,DA,MinEd_Arg,Tamano,Estudiantes,Todos,No_Aplica,No_Desagregado,8187157
ARG,2008,DA,MinEd_Arg,Tamano,Estudiantes,Inicial,Publico_Privado,Privado,451467
ARG,2008,DA,MinEd_Arg,Tamano,Estudiantes,Primaria,Publico_Privado,Privado,1113937
ARG,2008,DA,MinEd_Arg,Tamano,Estudiantes,Secundaria,Publico_Privado,Privado,994585
ARG,2008,DA,MinEd_Arg,Tamano,Estudiantes,Todos,Publico_Privado,Privado,2108522
ARG,2008,DA,MinEd_Arg,Tamano,Estudiantes,Inicial,Publico_Privado,Publico,967291
ARG,2008,DA,MinEd_Arg,Tamano,Estudiantes,Primaria,Publico_Privado,Publico,3550088
ARG,2008,DA,MinEd_Arg,Tamano,Estudiantes,Secundaria,Publico_Privado,Publico,2528547
ARG,2008,DA,MinEd_Arg,Tamano,Estudiantes,Todos,Publico_Privado,Publico,6078635
ARG,2008,DA,MinEd_Arg,Tamano,Estudiantes,Primaria,Rural_Urbano,Rural,572540
ARG,2008,DA,MinEd_Arg,Tamano,Estudiantes,Secundaria,Rural_Urbano,Rural,271924
ARG,2008,DA,MinEd_Arg,Tamano,Estudiantes,Todos,Rural_Urbano,Rural,844464
ARG,2008,DA,MinEd_Arg,Tamano,Estudiantes,Primaria,Rural_Urbano,Urbano,4091485
ARG,2008,DA,MinEd_Arg,Tamano,Estudiantes,Secundaria,Rural_Urbano,Urbano,3251208
ARG,2008,DA,MinEd_Arg,Tamano,Estudiantes,Todos,Rural_Urbano,Urbano,7342693
ARG,2009,DA,MinEd_Arg,Tamano,Estudiantes,Inicial,Genero,Hombre,732062
ARG,2009,DA,MinEd_Arg,Tamano,Estudiantes,Primaria,Genero,Hombre,2377436
ARG,2009,DA,MinEd_Arg,Tamano,Estudiantes,Secundaria,Genero,Hombre,1795138
ARG,2009,DA,MinEd_Arg,Tamano,Estudiantes,Todos,Genero,Hombre,4172574
ARG,2009,DA,MinEd_Arg,Tamano,Estudiantes,Inicial,Genero,Mujer,720211
ARG,2009,DA,MinEd_Arg,Tamano,Estudiantes,Primaria,Genero,Mujer,2265994
ARG,2009,DA,MinEd_Arg,Tamano,Estudiantes,Secundaria,Genero,Mujer,1824093
ARG,2009,DA,MinEd_Arg,Tamano,Estudiantes,Todos,Genero,Mujer,4090087
ARG,2009,DA,MinEd_Arg,Tamano,Estudiantes,Inicial,No_Aplica,No_Desagregado,1452273
ARG,2009,DA,MinEd_Arg,Tamano,Estudiantes,Primaria,No_Aplica,No_Desagregado,4643430
ARG,2009,DA,MinEd_Arg,Tamano,Estudiantes,Secundaria,No_Aplica,No_Desagregado,3619231
ARG,2009,DA,MinEd_Arg,Tamano,Estudiantes,Todos,No_Aplica,No_Desagregado,8262661
ARG,2009,DA,MinEd_Arg,Tamano,Estudiantes,Inicial,Publico_Privado,Privado,471074
ARG,2009,DA,MinEd_Arg,Tamano,Estudiantes,Primaria,Publico_Privado,Privado,1134171
ARG,2009,DA,MinEd_Arg,Tamano,Estudiantes,Secundaria,Publico_Privado,Privado,1019895
ARG,2009,DA,MinEd_Arg,Tamano,Estudiantes,Todos,Publico_Privado,Privado,2154066
ARG,2009,DA,MinEd_Arg,Tamano,Estudiantes,Inicial,Publico_Privado,Publico,981199
ARG,2009,DA,MinEd_Arg,Tamano,Estudiantes,Primaria,Publico_Privado,Publico,3509259
ARG,2009,DA,MinEd_Arg,Tamano,Estudiantes,Secundaria,Publico_Privado,Publico,2599336
ARG,2009,DA,MinEd_Arg,Tamano,Estudiantes,Todos,Publico_Privado,Publico,6108595
ARG,2009,DA,MinEd_Arg,Tamano,Estudiantes,Primaria,Rural_Urbano,Rural,522649
ARG,2009,DA,MinEd_Arg,Tamano,Estudiantes,Secundaria,Rural_Urbano,Rural,258583
ARG,2009,DA,MinEd_Arg,Tamano,Estudiantes,Todos,Rural_Urbano,Rural,781232
ARG,2009,DA,MinEd_Arg,Tamano,Estudiantes,Primaria,Rural_Urbano,Urbano,4120781
ARG,2009,DA,MinEd_Arg,Tamano,Estudiantes,Secundaria,Rural_Urbano,Urbano,3360648
ARG,2009,DA,MinEd_Arg,Tamano,Estudiantes,Todos,Rural_Urbano,Urbano,7481429
ARG,2010,DA,MinEd_Arg,Tamano,Estudiantes,Inicial,Genero,Hombre,744450
ARG,2010,DA,MinEd_Arg,Tamano,Estudiantes,Primaria,Genero,Hombre,2374381
ARG,2010,DA,MinEd_Arg,Tamano,Estudiantes,Secundaria,Genero,Hombre,1839814
ARG,2010,DA,MinEd_Arg,Tamano,Estudiantes,Todos,Genero,Hombre,4214195
ARG,2010,DA,MinEd_Arg,Tamano,Estudiantes,Inicial,Genero,Mujer,730415
ARG,2010,DA,MinEd_Arg,Tamano,Estudiantes,Primaria,Genero,Mujer,2263082
ARG,2010,DA,MinEd_Arg,Tamano,Estudiantes,Secundaria,Genero,Mujer,1839814
ARG,2010,DA,MinEd_Arg,Tamano,Estudiantes,Todos,Genero,Mujer,4102896
ARG,2010,DA,MinEd_Arg,Tamano,Estudiantes,Inicial,No_Aplica,No_Desagregado,1474865
ARG,2010,DA,MinEd_Arg,Tamano,Estudiantes,Primaria,No_Aplica,No_Desagregado,4637463
ARG,2010,DA,MinEd_Arg,Tamano,Estudiantes,Secundaria,No_Aplica,No_Desagregado,3679628
ARG,2010,DA,MinEd_Arg,Tamano,Estudiantes,Todos,No_Aplica,No_Desagregado,8317091
ARG,2010,DA,MinEd_Arg,Tamano,Estudiantes,Inicial,Publico_Privado,Privado,474477
ARG,2010,DA,MinEd_Arg,Tamano,Estudiantes,Primaria,Publico_Privado,Privado,1153246
ARG,2010,DA,MinEd_Arg,Tamano,Estudiantes,Secundaria,Publico_Privado,Privado,1021672
ARG,2010,DA,MinEd_Arg,Tamano,Estudiantes,Todos,Publico_Privado,Privado,2174918
ARG,2010,DA,MinEd_Arg,Tamano,Estudiantes,Inicial,Publico_Privado,Publico,1000388
ARG,2010,DA,MinEd_Arg,Tamano,Estudiantes,Primaria,Publico_Privado,Publico,3484217
ARG,2010,DA,MinEd_Arg,Tamano,Estudiantes,Secundaria,Publico_Privado,Publico,2657956
ARG,2010,DA,MinEd_Arg,Tamano,Estudiantes,Todos,Publico_Privado,Publico,6142173
ARG,2010,DA,MinEd_Arg,Tamano,Estudiantes,Primaria,Rural_Urbano,Rural,513925
ARG,2010,DA,MinEd_Arg,Tamano,Estudiantes,Secundaria,Rural_Urbano,Rural,270274
ARG,2010,DA,MinEd_Arg,Tamano,Estudiantes,Todos,Rural_Urbano,Rural,784199
ARG,2010,DA,MinEd_Arg,Tamano,Estudiantes,Primaria,Rural_Urbano,Urbano,4123538
ARG,2010,DA,MinEd_Arg,Tamano,Estudiantes,Secundaria,Rural_Urbano,Urbano,3409354
ARG,2010,DA,MinEd_Arg,Tamano,Estudiantes,Todos,Rural_Urbano,Urbano,7532892
ARG,2011,DA,MinEd_Arg,Tamano,Estudiantes,Inicial,Genero,Hombre,746281
ARG,2011,DA,MinEd_Arg,Tamano,Estudiantes,Primaria,Genero,Hombre,2360976
ARG,2011,DA,MinEd_Arg,Tamano,Estudiantes,Secundaria,Genero,Hombre,1869335
ARG,2011,DA,MinEd_Arg,Tamano,Estudiantes,Todos,Genero,Hombre,4230311
ARG,2011,DA,MinEd_Arg,Tamano,Estudiantes,Inicial,Genero,Mujer,732338
ARG,2011,DA,MinEd_Arg,Tamano,Estudiantes,Primaria,Genero,Mujer,2259330
ARG,2011,DA,MinEd_Arg,Tamano,Estudiantes,Secundaria,Genero,Mujer,1861873
ARG,2011,DA,MinEd_Arg,Tamano,Estudiantes,Todos,Genero,Mujer,4121203
ARG,2011,DA,MinEd_Arg,Tamano,Estudiantes,Inicial,No_Aplica,No_Desagregado,1478619
ARG,2011,DA,MinEd_Arg,Tamano,Estudiantes,Primaria,No_Aplica,No_Desagregado,4620306
ARG,2011,DA,MinEd_Arg,Tamano,Estudiantes,Secundaria,No_Aplica,No_Desagregado,3731208
ARG,2011,DA,MinEd_Arg,Tamano,Estudiantes,Todos,No_Aplica,No_Desagregado,8351514
ARG,2011,DA,MinEd_Arg,Tamano,Estudiantes,Inicial,Publico_Privado,Privado,473182
ARG,2011,DA,MinEd_Arg,Tamano,Estudiantes,Primaria,Publico_Privado,Privado,1160497
ARG,2011,DA,MinEd_Arg,Tamano,Estudiantes,Secundaria,Publico_Privado,Privado,1037610
ARG,2011,DA,MinEd_Arg,Tamano,Estudiantes,Todos,Publico_Privado,Privado,2198107
ARG,2011,DA,MinEd_Arg,Tamano,Estudiantes,Inicial,Publico_Privado,Publico,1005437
ARG,2011,DA,MinEd_Arg,Tamano,Estudiantes,Primaria,Publico_Privado,Publico,3459809
ARG,2011,DA,MinEd_Arg,Tamano,Estudiantes,Secundaria,Publico_Privado,Publico,2693598
ARG,2011,DA,MinEd_Arg,Tamano,Estudiantes,Todos,Publico_Privado,Publico,6153407
ARG,2011,DA,MinEd_Arg,Tamano,Estudiantes,Primaria,Rural_Urbano,Rural,500081
ARG,2011,DA,MinEd_Arg,Tamano,Estudiantes,Secundaria,Rural_Urbano,Rural,265598
ARG,2011,DA,MinEd_Arg,Tamano,Estudiantes,Todos,Rural_Urbano,Rural,765679
ARG,2011,DA,MinEd_Arg,Tamano,Estudiantes,Primaria,Rural_Urbano,Urbano,4120225
ARG,2011,DA,MinEd_Arg,Tamano,Estudiantes,Secundaria,Rural_Urbano,Urbano,3465610
ARG,2011,DA,MinEd_Arg,Tamano,Estudiantes,Todos,Rural_Urbano,Urbano,7585835
ARG,2012,DA,MinEd_Arg,Tamano,Estudiantes,Inicial,Genero,Hombre,766069
ARG,2012,DA,MinEd_Arg,Tamano,Estudiantes,Primaria,Genero,Hombre,2352348
ARG,2012,DA,MinEd_Arg,Tamano,Estudiantes,Secundaria,Genero,Hombre,1918213
ARG,2012,DA,MinEd_Arg,Tamano,Estudiantes,Todos,Genero,Hombre,4270561
ARG,2012,DA,MinEd_Arg,Tamano,Estudiantes,Inicial,Genero,Mujer,753037
ARG,2012,DA,MinEd_Arg,Tamano,Estudiantes,Primaria,Genero,Mujer,2251074
ARG,2012,DA,MinEd_Arg,Tamano,Estudiantes,Secundaria,Genero,Mujer,1895332
ARG,2012,DA,MinEd_Arg,Tamano,Estudiantes,Todos,Genero,Mujer,4146406
ARG,2012,DA,MinEd_Arg,Tamano,Estudiantes,Inicial,No_Aplica,No_Desagregado,1519106
ARG,2012,DA,MinEd_Arg,Tamano,Estudiantes,Primaria,No_Aplica,No_Desagregado,4603422
ARG,2012,DA,MinEd_Arg,Tamano,Estudiantes,Secundaria,No_Aplica,No_Desagregado,3813545
ARG,2012,DA,MinEd_Arg,Tamano,Estudiantes,Todos,No_Aplica,No_Desagregado,8416967
ARG,2012,DA,MinEd_Arg,Tamano,Estudiantes,Inicial,Publico_Privado,Privado,486120
ARG,2012,DA,MinEd_Arg,Tamano,Estudiantes,Primaria,Publico_Privado,Privado,1188949
ARG,2012,DA,MinEd_Arg,Tamano,Estudiantes,Secundaria,Publico_Privado,Privado,1078239
ARG,2012,DA,MinEd_Arg,Tamano,Estudiantes,Todos,Publico_Privado,Privado,2267188
ARG,2012,DA,MinEd_Arg,Tamano,Estudiantes,Inicial,Publico_Privado,Publico,1032986
ARG,2012,DA,MinEd_Arg,Tamano,Estudiantes,Primaria,Publico_Privado,Publico,3414473
ARG,2012,DA,MinEd_Arg,Tamano,Estudiantes,Secundaria,Publico_Privado,Publico,2735306
ARG,2012,DA,MinEd_Arg,Tamano,Estudiantes,Todos,Publico_Privado,Publico,6149779
ARG,2012,DA,MinEd_Arg,Tamano,Estudiantes,Primaria,Rural_Urbano,Rural,485827
ARG,2012,DA,MinEd_Arg,Tamano,Estudiantes,Secundaria,Rural_Urbano,Rural,275430
ARG,2012,DA,MinEd_Arg,Tamano,Estudiantes,Todos,Rural_Urbano,Rural,761257
ARG,2012,DA,MinEd_Arg,Tamano,Estudiantes,Primaria,Rural_Urbano,Urbano,4117595
ARG,2012,DA,MinEd_Arg,Tamano,Estudiantes,Secundaria,Rural_Urbano,Urbano,3538115
ARG,2012,DA,MinEd_Arg,Tamano,Estudiantes,Todos,Rural_Urbano,Urbano,7655710
ARG,2013,DA,MinEd_Arg,Tamano,Estudiantes,Inicial,Genero,Hombre,786770
ARG,2013,DA,MinEd_Arg,Tamano,Estudiantes,Primaria,Genero,Hombre,2331943
ARG,2013,DA,MinEd_Arg,Tamano,Estudiantes,Secundaria,Genero,Hombre,1948524
ARG,2013,DA,MinEd_Arg,Tamano,Estudiantes,Todos,Genero,Hombre,4280467
ARG,2013,DA,MinEd_Arg,Tamano,Estudiantes,Inicial,Genero,Mujer,772668
ARG,2013,DA,MinEd_Arg,Tamano,Estudiantes,Primaria,Genero,Mujer,2231548
ARG,2013,DA,MinEd_Arg,Tamano,Estudiantes,Secundaria,Genero,Mujer,1917595
ARG,2013,DA,MinEd_Arg,Tamano,Estudiantes,Todos,Genero,Mujer,4149143
ARG,2013,DA,MinEd_Arg,Tamano,Estudiantes,Inicial,No_Aplica,No_Desagregado,1559438
ARG,2013,DA,MinEd_Arg,Tamano,Estudiantes,Primaria,No_Aplica,No_Desagregado,4563491
ARG,2013,DA,MinEd_Arg,Tamano,Estudiantes,Secundaria,No_Aplica,No_Desagregado,3866119
ARG,2013,DA,MinEd_Arg,Tamano,Estudiantes,Todos,No_Aplica,No_Desagregado,8429610
ARG,2013,DA,MinEd_Arg,Tamano,Estudiantes,Inicial,Publico_Privado,Privado,493010
ARG,2013,DA,MinEd_Arg,Tamano,Estudiantes,Primaria,Publico_Privado,Privado,1198112
ARG,2013,DA,MinEd_Arg,Tamano,Estudiantes,Secundaria,Publico_Privado,Privado,1099663
ARG,2013,DA,MinEd_Arg,Tamano,Estudiantes,Todos,Publico_Privado,Privado,2297775
ARG,2013,DA,MinEd_Arg,Tamano,Estudiantes,Inicial,Publico_Privado,Publico,1066428
ARG,2013,DA,MinEd_Arg,Tamano,Estudiantes,Primaria,Publico_Privado,Publico,3365379
ARG,2013,DA,MinEd_Arg,Tamano,Estudiantes,Secundaria,Publico_Privado,Publico,2766456
ARG,2013,DA,MinEd_Arg,Tamano,Estudiantes,Todos,Publico_Privado,Publico,6131835
ARG,2013,DA,MinEd_Arg,Tamano,Estudiantes,Primaria,Rural_Urbano,Rural,470169
ARG,2013,DA,MinEd_Arg,Tamano,Estudiantes,Secundaria,Rural_Urbano,Rural,283659
ARG,2013,DA,MinEd_Arg,Tamano,Estudiantes,Todos,Rural_Urbano,Rural,753828
ARG,2013,DA,MinEd_Arg,Tamano,Estudiantes,Primaria,Rural_Urbano,Urbano,4093322
ARG,2013,DA,MinEd_Arg,Tamano,Estudiantes,Secundaria,Rural_Urbano,Urbano,3582460
ARG,2013,DA,MinEd_Arg,Tamano,Estudiantes,Todos,Rural_Urbano,Urbano,7675782
ARG,2014,DA,MinEd_Arg,Tamano,Estudiantes,Inicial,Genero,Hombre,803231
ARG,2014,DA,MinEd_Arg,Tamano,Estudiantes,Primaria,Genero,Hombre,2325521
ARG,2014,DA,MinEd_Arg,Tamano,Estudiantes,Secundaria,Genero,Hombre,1975508
ARG,2014,DA,MinEd_Arg,Tamano,Estudiantes,Todos,Genero,Hombre,4301029
ARG,2014,DA,MinEd_Arg,Tamano,Estudiantes,Inicial,Genero,Mujer,788122
ARG,2014,DA,MinEd_Arg,Tamano,Estudiantes,Primaria,Genero,Mujer,2225402
ARG,2014,DA,MinEd_Arg,Tamano,Estudiantes,Secundaria,Genero,Mujer,1920959
ARG,2014,DA,MinEd_Arg,Tamano,Estudiantes,Todos,Genero,Mujer,4146361
ARG,2014,DA,MinEd_Arg,Tamano,Estudiantes,Inicial,No_Aplica,No_Desagregado,1591353
ARG,2014,DA,MinEd_Arg,Tamano,Estudiantes,Primaria,No_Aplica,No_Desagregado,4550923
ARG,2014,DA,MinEd_Arg,Tamano,Estudiantes,Secundaria,No_Aplica,No_Desagregado,3896467
ARG,2014,DA,MinEd_Arg,Tamano,Estudiantes,Todos,No_Aplica,No_Desagregado,8447390
ARG,2014,DA,MinEd_Arg,Tamano,Estudiantes,Inicial,Publico_Privado,Privado,504470
ARG,2014,DA,MinEd_Arg,Tamano,Estudiantes,Primaria,Publico_Privado,Privado,1216664
ARG,2014,DA,MinEd_Arg,Tamano,Estudiantes,Secundaria,Publico_Privado,Privado,1110138
ARG,2014,DA,MinEd_Arg,Tamano,Estudiantes,Todos,Publico_Privado,Privado,2326802
ARG,2014,DA,MinEd_Arg,Tamano,Estudiantes,Inicial,Publico_Privado,Publico,1086883
ARG,2014,DA,MinEd_Arg,Tamano,Estudiantes,Primaria,Publico_Privado,Publico,3334259
ARG,2014,DA,MinEd_Arg,Tamano,Estudiantes,Secundaria,Publico_Privado,Publico,2786329
ARG,2014,DA,MinEd_Arg,Tamano,Estudiantes,Todos,Publico_Privado,Publico,6120588
ARG,2014,DA,MinEd_Arg,Tamano,Estudiantes,Primaria,Rural_Urbano,Rural,458656
ARG,2014,DA,MinEd_Arg,Tamano,Estudiantes,Secundaria,Rural_Urbano,Rural,289593
ARG,2014,DA,MinEd_Arg,Tamano,Estudiantes,Todos,Rural_Urbano,Rural,748249
ARG,2014,DA,MinEd_Arg,Tamano,Estudiantes,Primaria,Rural_Urbano,Urbano,4092267
ARG,2014,DA,MinEd_Arg,Tamano,Estudiantes,Secundaria,Rural_Urbano,Urbano,3606874
ARG,2014,DA,MinEd_Arg,Tamano,Estudiantes,Todos,Rural_Urbano,Urbano,7699141
ARG,2015,DA,MinEd_Arg,Tamano,Estudiantes,Inicial,Genero,Hombre,825111
ARG,2015,DA,MinEd_Arg,Tamano,Estudiantes,Primaria,Genero,Hombre,2325236
ARG,2015,DA,MinEd_Arg,Tamano,Estudiantes,Secundaria,Genero,Hombre,2004991
ARG,2015,DA,MinEd_Arg,Tamano,Estudiantes,Todos,Genero,Hombre,4330227
ARG,2015,DA,MinEd_Arg,Tamano,Estudiantes,Inicial,Genero,Mujer,807254
ARG,2015,DA,MinEd_Arg,Tamano,Estudiantes,Primaria,Genero,Mujer,2225129
ARG,2015,DA,MinEd_Arg,Tamano,Estudiantes,Secundaria,Genero,Mujer,1941843
ARG,2015,DA,MinEd_Arg,Tamano,Estudiantes,Todos,Genero,Mujer,4166972
ARG,2015,DA,MinEd_Arg,Tamano,Estudiantes,Inicial,No_Aplica,No_Desagregado,1632365
ARG,2015,DA,MinEd_Arg,Tamano,Estudiantes,Primaria,No_Aplica,No_Desagregado,4550365
ARG,2015,DA,MinEd_Arg,Tamano,Estudiantes,Secundaria,No_Aplica,No_Desagregado,3946834
ARG,2015,DA,MinEd_Arg,Tamano,Estudiantes,Todos,No_Aplica,No_Desagregado,8497199
ARG,2015,DA,MinEd_Arg,Tamano,Estudiantes,Inicial,Publico_Privado,Privado,515598
ARG,2015,DA,MinEd_Arg,Tamano,Estudiantes,Primaria,Publico_Privado,Privado,1236167
ARG,2015,DA,MinEd_Arg,Tamano,Estudiantes,Secundaria,Publico_Privado,Privado,1139748
ARG,2015,DA,MinEd_Arg,Tamano,Estudiantes,Todos,Publico_Privado,Privado,2375915
ARG,2015,DA,MinEd_Arg,Tamano,Estudiantes,Inicial,Publico_Privado,Publico,1116767
ARG,2015,DA,MinEd_Arg,Tamano,Estudiantes,Primaria,Publico_Privado,Publico,3314198
ARG,2015,DA,MinEd_Arg,Tamano,Estudiantes,Secundaria,Publico_Privado,Publico,2807086
ARG,2015,DA,MinEd_Arg,Tamano,Estudiantes,Todos,Publico_Privado,Publico,6121284
ARG,2015,DA,MinEd_Arg,Tamano,Estudiantes,Primaria,Rural_Urbano,Rural,450818
ARG,2015,DA,MinEd_Arg,Tamano,Estudiantes,Secundaria,Rural_Urbano,Rural,298701
ARG,2015,DA,MinEd_Arg,Tamano,Estudiantes,Todos,Rural_Urbano,Rural,749519
ARG,2015,DA,MinEd_Arg,Tamano,Estudiantes,Primaria,Rural_Urbano,Urbano,4099547
ARG,2015,DA,MinEd_Arg,Tamano,Estudiantes,Secundaria,Rural_Urbano,Urbano,3648133
ARG,2015,DA,MinEd_Arg,Tamano,Estudiantes,Todos,Rural_Urbano,Urbano,7747680
ARG,2005,DA,MinEd_Arg,Tamano,Ratio_Est_Doc,Inicial,No_Aplica,No_Desagregado,16.61456
ARG,2005,DA,MinEd_Arg,Tamano,Ratio_Est_Doc,Primaria,No_Aplica,No_Desagregado,16.15728
ARG,2005,DA,MinEd_Arg,Tamano,Ratio_Est_Doc,Secundaria,No_Aplica,No_Desagregado,25.31365
ARG,2005,DA,MinEd_Arg,Tamano,Ratio_Est_Doc,Todos,No_Aplica,No_Desagregado,19.04026
ARG,2005,DA,MinEd_Arg,Tamano,Ratio_Est_Doc,Inicial,Publico_Privado,Privado,16.406
ARG,2005,DA,MinEd_Arg,Tamano,Ratio_Est_Doc,Primaria,Publico_Privado,Privado,18.06984
ARG,2005,DA,MinEd_Arg,Tamano,Ratio_Est_Doc,Secundaria,Publico_Privado,Privado,31.22104
ARG,2005,DA,MinEd_Arg,Tamano,Ratio_Est_Doc,Todos,Publico_Privado,Privado,22.63796
ARG,2005,DA,MinEd_Arg,Tamano,Ratio_Est_Doc,Inicial,Publico_Privado,Publico,16.70691
ARG,2005,DA,MinEd_Arg,Tamano,Ratio_Est_Doc,Primaria,Publico_Privado,Publico,15.68848
ARG,2005,DA,MinEd_Arg,Tamano,Ratio_Est_Doc,Secundaria,Publico_Privado,Publico,23.56908
ARG,2005,DA,MinEd_Arg,Tamano,Ratio_Est_Doc,Todos,Publico_Privado,Publico,18.10307
ARG,2006,DA,MinEd_Arg,Tamano,Ratio_Est_Doc,Inicial,No_Aplica,No_Desagregado,15.85826
ARG,2006,DA,MinEd_Arg,Tamano,Ratio_Est_Doc,Primaria,No_Aplica,No_Desagregado,15.37767
ARG,2006,DA,MinEd_Arg,Tamano,Ratio_Est_Doc,Secundaria,No_Aplica,No_Desagregado,24.21059
ARG,2006,DA,MinEd_Arg,Tamano,Ratio_Est_Doc,Todos,No_Aplica,No_Desagregado,18.22132
ARG,2006,DA,MinEd_Arg,Tamano,Ratio_Est_Doc,Inicial,Publico_Privado,Privado,15.62547
ARG,2006,DA,MinEd_Arg,Tamano,Ratio_Est_Doc,Primaria,Publico_Privado,Privado,17.0316
ARG,2006,DA,MinEd_Arg,Tamano,Ratio_Est_Doc,Secundaria,Publico_Privado,Privado,27.72339
ARG,2006,DA,MinEd_Arg,Tamano,Ratio_Est_Doc,Todos,Publico_Privado,Privado,20.94921
ARG,2006,DA,MinEd_Arg,Tamano,Ratio_Est_Doc,Inicial,Publico_Privado,Publico,15.96372
ARG,2006,DA,MinEd_Arg,Tamano,Ratio_Est_Doc,Primaria,Publico_Privado,Publico,14.962
ARG,2006,DA,MinEd_Arg,Tamano,Ratio_Est_Doc,Secundaria,Publico_Privado,Publico,23.0729
ARG,2006,DA,MinEd_Arg,Tamano,Ratio_Est_Doc,Todos,Publico_Privado,Publico,17.47443
ARG,2006,DA,MinEd_Arg,Tamano,Ratio_Est_Doc,Primaria,Rural_Urbano,Rural,11.62084
ARG,2006,DA,MinEd_Arg,Tamano,Ratio_Est_Doc,Secundaria,Rural_Urbano,Rural,37.60824
ARG,2006,DA,MinEd_Arg,Tamano,Ratio_Est_Doc,Todos,Rural_Urbano,Rural,14.40141
ARG,2006,DA,MinEd_Arg,Tamano,Ratio_Est_Doc,Primaria,Rural_Urbano,Urbano,16.10062
ARG,2006,DA,MinEd_Arg,Tamano,Ratio_Est_Doc,Secundaria,Rural_Urbano,Urbano,23.6418
ARG,2006,DA,MinEd_Arg,Tamano,Ratio_Est_Doc,Todos,Rural_Urbano,Urbano,18.75477
ARG,2007,DA,MinEd_Arg,Tamano,Ratio_Est_Doc,Inicial,No_Aplica,No_Desagregado,15.74962
ARG,2007,DA,MinEd_Arg,Tamano,Ratio_Est_Doc,Primaria,No_Aplica,No_Desagregado,15.09224
ARG,2007,DA,MinEd_Arg,Tamano,Ratio_Est_Doc,Secundaria,No_Aplica,No_Desagregado,24.50353
ARG,2007,DA,MinEd_Arg,Tamano,Ratio_Est_Doc,Todos,No_Aplica,No_Desagregado,18.05438
ARG,2007,DA,MinEd_Arg,Tamano,Ratio_Est_Doc,Inicial,Publico_Privado,Privado,16.08886
ARG,2007,DA,MinEd_Arg,Tamano,Ratio_Est_Doc,Primaria,Publico_Privado,Privado,17.2515
ARG,2007,DA,MinEd_Arg,Tamano,Ratio_Est_Doc,Secundaria,Publico_Privado,Privado,29.8067
ARG,2007,DA,MinEd_Arg,Tamano,Ratio_Est_Doc,Todos,Publico_Privado,Privado,21.60673
ARG,2007,DA,MinEd_Arg,Tamano,Ratio_Est_Doc,Inicial,Publico_Privado,Publico,15.6019
ARG,2007,DA,MinEd_Arg,Tamano,Ratio_Est_Doc,Primaria,Publico_Privado,Publico,14.54974
ARG,2007,DA,MinEd_Arg,Tamano,Ratio_Est_Doc,Secundaria,Publico_Privado,Publico,22.89982
ARG,2007,DA,MinEd_Arg,Tamano,Ratio_Est_Doc,Todos,Publico_Privado,Publico,17.10625
ARG,2007,DA,MinEd_Arg,Tamano,Ratio_Est_Doc,Primaria,Rural_Urbano,Rural,11.56389
ARG,2007,DA,MinEd_Arg,Tamano,Ratio_Est_Doc,Secundaria,Rural_Urbano,Rural,18.3513
ARG,2007,DA,MinEd_Arg,Tamano,Ratio_Est_Doc,Todos,Rural_Urbano,Rural,12.96941
ARG,2007,DA,MinEd_Arg,Tamano,Ratio_Est_Doc,Primaria,Rural_Urbano,Urbano,15.80946
ARG,2007,DA,MinEd_Arg,Tamano,Ratio_Est_Doc,Secundaria,Rural_Urbano,Urbano,25.15727
ARG,2007,DA,MinEd_Arg,Tamano,Ratio_Est_Doc,Todos,Rural_Urbano,Urbano,18.92368
ARG,2008,DA,MinEd_Arg,Tamano,Ratio_Est_Doc,Inicial,No_Aplica,No_Desagregado,15.37516
ARG,2008,DA,MinEd_Arg,Tamano,Ratio_Est_Doc,Primaria,No_Aplica,No_Desagregado,14.83035
ARG,2008,DA,MinEd_Arg,Tamano,Ratio_Est_Doc,Secundaria,No_Aplica,No_Desagregado,22.05183
ARG,2008,DA,MinEd_Arg,Tamano,Ratio_Est_Doc,Todos,No_Aplica,No_Desagregado,17.26309
ARG,2008,DA,MinEd_Arg,Tamano,Ratio_Est_Doc,Inicial,Publico_Privado,Privado,15.87437
ARG,2008,DA,MinEd_Arg,Tamano,Ratio_Est_Doc,Primaria,Publico_Privado,Privado,18.17545
ARG,2008,DA,MinEd_Arg,Tamano,Ratio_Est_Doc,Secundaria,Publico_Privado,Privado,26.68236
ARG,2008,DA,MinEd_Arg,Tamano,Ratio_Est_Doc,Todos,Publico_Privado,Privado,21.39263
ARG,2008,DA,MinEd_Arg,Tamano,Ratio_Est_Doc,Inicial,Publico_Privado,Publico,15.15275
ARG,2008,DA,MinEd_Arg,Tamano,Ratio_Est_Doc,Primaria,Publico_Privado,Publico,14.02066
ARG,2008,DA,MinEd_Arg,Tamano,Ratio_Est_Doc,Secundaria,Publico_Privado,Publico,20.64272
ARG,2008,DA,MinEd_Arg,Tamano,Ratio_Est_Doc,Todos,Publico_Privado,Publico,16.17971
ARG,2008,DA,MinEd_Arg,Tamano,Ratio_Est_Doc,Primaria,Rural_Urbano,Rural,10.76284
ARG,2008,DA,MinEd_Arg,Tamano,Ratio_Est_Doc,Secundaria,Rural_Urbano,Rural,16.86769
ARG,2008,DA,MinEd_Arg,Tamano,Ratio_Est_Doc,Todos,Rural_Urbano,Rural,12.18264
ARG,2008,DA,MinEd_Arg,Tamano,Ratio_Est_Doc,Primaria,Rural_Urbano,Urbano,15.65843
ARG,2008,DA,MinEd_Arg,Tamano,Ratio_Est_Doc,Secundaria,Rural_Urbano,Urbano,22.63363
ARG,2008,DA,MinEd_Arg,Tamano,Ratio_Est_Doc,Todos,Rural_Urbano,Urbano,18.13275
ARG,2009,DA,MinEd_Arg,Tamano,Ratio_Est_Doc,Inicial,No_Aplica,No_Desagregado,15.17447
ARG,2009,DA,MinEd_Arg,Tamano,Ratio_Est_Doc,Primaria,No_Aplica,No_Desagregado,14.47796
ARG,2009,DA,MinEd_Arg,Tamano,Ratio_Est_Doc,Secundaria,No_Aplica,No_Desagregado,23.57959
ARG,2009,DA,MinEd_Arg,Tamano,Ratio_Est_Doc,Todos,No_Aplica,No_Desagregado,17.42391
ARG,2009,DA,MinEd_Arg,Tamano,Ratio_Est_Doc,Inicial,Publico_Privado,Privado,15.61192
ARG,2009,DA,MinEd_Arg,Tamano,Ratio_Est_Doc,Primaria,Publico_Privado,Privado,17.84185
ARG,2009,DA,MinEd_Arg,Tamano,Ratio_Est_Doc,Secundaria,Publico_Privado,Privado,27.67468
ARG,2009,DA,MinEd_Arg,Tamano,Ratio_Est_Doc,Todos,Publico_Privado,Privado,21.45035
ARG,2009,DA,MinEd_Arg,Tamano,Ratio_Est_Doc,Inicial,Publico_Privado,Publico,14.97305
ARG,2009,DA,MinEd_Arg,Tamano,Ratio_Est_Doc,Primaria,Publico_Privado,Publico,13.64642
ARG,2009,DA,MinEd_Arg,Tamano,Ratio_Est_Doc,Secundaria,Publico_Privado,Publico,22.28569
ARG,2009,DA,MinEd_Arg,Tamano,Ratio_Est_Doc,Todos,Publico_Privado,Publico,16.34219
ARG,2009,DA,MinEd_Arg,Tamano,Ratio_Est_Doc,Primaria,Rural_Urbano,Rural,10.3987
ARG,2009,DA,MinEd_Arg,Tamano,Ratio_Est_Doc,Secundaria,Rural_Urbano,Rural,18.05369
ARG,2009,DA,MinEd_Arg,Tamano,Ratio_Est_Doc,Todos,Rural_Urbano,Rural,12.09637
ARG,2009,DA,MinEd_Arg,Tamano,Ratio_Est_Doc,Primaria,Rural_Urbano,Urbano,15.23602
ARG,2009,DA,MinEd_Arg,Tamano,Ratio_Est_Doc,Secundaria,Rural_Urbano,Urbano,24.14831
ARG,2009,DA,MinEd_Arg,Tamano,Ratio_Est_Doc,Todos,Rural_Urbano,Urbano,18.26387
ARG,2010,DA,MinEd_Arg,Tamano,Ratio_Est_Doc,Inicial,No_Aplica,No_Desagregado,15.09524
ARG,2010,DA,MinEd_Arg,Tamano,Ratio_Est_Doc,Primaria,No_Aplica,No_Desagregado,14.266
ARG,2010,DA,MinEd_Arg,Tamano,Ratio_Est_Doc,Secundaria,No_Aplica,No_Desagregado,23.84183
ARG,2010,DA,MinEd_Arg,Tamano,Ratio_Est_Doc,Todos,No_Aplica,No_Desagregado,17.34874
ARG,2010,DA,MinEd_Arg,Tamano,Ratio_Est_Doc,Inicial,Publico_Privado,Privado,15.45931
ARG,2010,DA,MinEd_Arg,Tamano,Ratio_Est_Doc,Primaria,Publico_Privado,Privado,17.93679
ARG,2010,DA,MinEd_Arg,Tamano,Ratio_Est_Doc,Secundaria,Publico_Privado,Privado,28.05327
ARG,2010,DA,MinEd_Arg,Tamano,Ratio_Est_Doc,Todos,Publico_Privado,Privado,21.59499
ARG,2010,DA,MinEd_Arg,Tamano,Ratio_Est_Doc,Inicial,Publico_Privado,Publico,14.92849
ARG,2010,DA,MinEd_Arg,Tamano,Ratio_Est_Doc,Primaria,Publico_Privado,Publico,13.36096
ARG,2010,DA,MinEd_Arg,Tamano,Ratio_Est_Doc,Secundaria,Publico_Privado,Publico,22.5411
ARG,2010,DA,MinEd_Arg,Tamano,Ratio_Est_Doc,Todos,Publico_Privado,Publico,16.21944
ARG,2010,DA,MinEd_Arg,Tamano,Ratio_Est_Doc,Primaria,Rural_Urbano,Rural,10.10053
ARG,2010,DA,MinEd_Arg,Tamano,Ratio_Est_Doc,Secundaria,Rural_Urbano,Rural,18.90689
ARG,2010,DA,MinEd_Arg,Tamano,Ratio_Est_Doc,Todos,Rural_Urbano,Rural,12.03202
ARG,2010,DA,MinEd_Arg,Tamano,Ratio_Est_Doc,Primaria,Rural_Urbano,Urbano,15.03898
ARG,2010,DA,MinEd_Arg,Tamano,Ratio_Est_Doc,Secundaria,Rural_Urbano,Urbano,24.34557
ARG,2010,DA,MinEd_Arg,Tamano,Ratio_Est_Doc,Todos,Rural_Urbano,Urbano,18.18529
ARG,2011,DA,MinEd_Arg,Tamano,Ratio_Est_Doc,Inicial,No_Aplica,No_Desagregado,14.90213
ARG,2011,DA,MinEd_Arg,Tamano,Ratio_Est_Doc,Primaria,No_Aplica,No_Desagregado,14.14586
ARG,2011,DA,MinEd_Arg,Tamano,Ratio_Est_Doc,Secundaria,No_Aplica,No_Desagregado,23.54431
ARG,2011,DA,MinEd_Arg,Tamano,Ratio_Est_Doc,Todos,No_Aplica,No_Desagregado,17.21624
ARG,2011,DA,MinEd_Arg,Tamano,Ratio_Est_Doc,Inicial,Publico_Privado,Privado,15.2129
ARG,2011,DA,MinEd_Arg,Tamano,Ratio_Est_Doc,Primaria,Publico_Privado,Privado,18.25657
ARG,2011,DA,MinEd_Arg,Tamano,Ratio_Est_Doc,Secundaria,Publico_Privado,Privado,30.32263
ARG,2011,DA,MinEd_Arg,Tamano,Ratio_Est_Doc,Todos,Publico_Privado,Privado,22.47898
ARG,2011,DA,MinEd_Arg,Tamano,Ratio_Est_Doc,Inicial,Publico_Privado,Publico,14.76023
ARG,2011,DA,MinEd_Arg,Tamano,Ratio_Est_Doc,Primaria,Publico_Privado,Publico,13.15252
ARG,2011,DA,MinEd_Arg,Tamano,Ratio_Est_Doc,Secundaria,Publico_Privado,Publico,21.67764
ARG,2011,DA,MinEd_Arg,Tamano,Ratio_Est_Doc,Todos,Publico_Privado,Publico,15.88755
ARG,2011,DA,MinEd_Arg,Tamano,Ratio_Est_Doc,Primaria,Rural_Urbano,Rural,9.816674
ARG,2011,DA,MinEd_Arg,Tamano,Ratio_Est_Doc,Secundaria,Rural_Urbano,Rural,16.15265
ARG,2011,DA,MinEd_Arg,Tamano,Ratio_Est_Doc,Todos,Rural_Urbano,Rural,11.36275
ARG,2011,DA,MinEd_Arg,Tamano,Ratio_Est_Doc,Primaria,Rural_Urbano,Urbano,14.94584
ARG,2011,DA,MinEd_Arg,Tamano,Ratio_Est_Doc,Secundaria,Rural_Urbano,Urbano,24.40003
ARG,2011,DA,MinEd_Arg,Tamano,Ratio_Est_Doc,Todos,Rural_Urbano,Urbano,18.16053
ARG,2012,DA,MinEd_Arg,Tamano,Ratio_Est_Doc,Inicial,No_Aplica,No_Desagregado,14.39624
ARG,2012,DA,MinEd_Arg,Tamano,Ratio_Est_Doc,Primaria,No_Aplica,No_Desagregado,13.53888
ARG,2012,DA,MinEd_Arg,Tamano,Ratio_Est_Doc,Secundaria,No_Aplica,No_Desagregado,22.56349
ARG,2012,DA,MinEd_Arg,Tamano,Ratio_Est_Doc,Todos,No_Aplica,No_Desagregado,16.53534
ARG,2012,DA,MinEd_Arg,Tamano,Ratio_Est_Doc,Inicial,Publico_Privado,Privado,14.77164
ARG,2012,DA,MinEd_Arg,Tamano,Ratio_Est_Doc,Primaria,Publico_Privado,Privado,17.49406
ARG,2012,DA,MinEd_Arg,Tamano,Ratio_Est_Doc,Secundaria,Publico_Privado,Privado,29.11641
ARG,2012,DA,MinEd_Arg,Tamano,Ratio_Est_Doc,Todos,Publico_Privado,Privado,21.59329
ARG,2012,DA,MinEd_Arg,Tamano,Ratio_Est_Doc,Inicial,Publico_Privado,Publico,14.22611
ARG,2012,DA,MinEd_Arg,Tamano,Ratio_Est_Doc,Primaria,Publico_Privado,Publico,12.55081
ARG,2012,DA,MinEd_Arg,Tamano,Ratio_Est_Doc,Secundaria,Publico_Privado,Publico,20.72484
ARG,2012,DA,MinEd_Arg,Tamano,Ratio_Est_Doc,Todos,Publico_Privado,Publico,15.22094
ARG,2012,DA,MinEd_Arg,Tamano,Ratio_Est_Doc,Primaria,Rural_Urbano,Rural,9.229237
ARG,2012,DA,MinEd_Arg,Tamano,Ratio_Est_Doc,Secundaria,Rural_Urbano,Rural,15.15433
ARG,2012,DA,MinEd_Arg,Tamano,Ratio_Est_Doc,Todos,Rural_Urbano,Rural,10.74994
ARG,2012,DA,MinEd_Arg,Tamano,Ratio_Est_Doc,Primaria,Rural_Urbano,Urbano,14.3283
ARG,2012,DA,MinEd_Arg,Tamano,Ratio_Est_Doc,Secundaria,Rural_Urbano,Urbano,23.45623
ARG,2012,DA,MinEd_Arg,Tamano,Ratio_Est_Doc,Todos,Rural_Urbano,Urbano,17.47025
ARG,2013,DA,MinEd_Arg,Tamano,Ratio_Est_Doc,Inicial,No_Aplica,No_Desagregado,14.20318
ARG,2013,DA,MinEd_Arg,Tamano,Ratio_Est_Doc,Primaria,No_Aplica,No_Desagregado,13.25367
ARG,2013,DA,MinEd_Arg,Tamano,Ratio_Est_Doc,Secundaria,No_Aplica,No_Desagregado,22.06412
ARG,2013,DA,MinEd_Arg,Tamano,Ratio_Est_Doc,Todos,No_Aplica,No_Desagregado,16.22511
ARG,2013,DA,MinEd_Arg,Tamano,Ratio_Est_Doc,Inicial,Publico_Privado,Privado,14.43364
ARG,2013,DA,MinEd_Arg,Tamano,Ratio_Est_Doc,Primaria,Publico_Privado,Privado,17.27357
ARG,2013,DA,MinEd_Arg,Tamano,Ratio_Est_Doc,Secundaria,Publico_Privado,Privado,29.46657
ARG,2013,DA,MinEd_Arg,Tamano,Ratio_Est_Doc,Todos,Publico_Privado,Privado,21.53895
ARG,2013,DA,MinEd_Arg,Tamano,Ratio_Est_Doc,Inicial,Publico_Privado,Publico,14.0991
ARG,2013,DA,MinEd_Arg,Tamano,Ratio_Est_Doc,Primaria,Publico_Privado,Publico,12.23961
ARG,2013,DA,MinEd_Arg,Tamano,Ratio_Est_Doc,Secundaria,Publico_Privado,Publico,20.06088
ARG,2013,DA,MinEd_Arg,Tamano,Ratio_Est_Doc,Todos,Publico_Privado,Publico,14.85206
ARG,2013,DA,MinEd_Arg,Tamano,Ratio_Est_Doc,Primaria,Rural_Urbano,Rural,8.845911
ARG,2013,DA,MinEd_Arg,Tamano,Ratio_Est_Doc,Secundaria,Rural_Urbano,Rural,14.47757
ARG,2013,DA,MinEd_Arg,Tamano,Ratio_Est_Doc,Todos,Rural_Urbano,Rural,10.36275
ARG,2013,DA,MinEd_Arg,Tamano,Ratio_Est_Doc,Primaria,Rural_Urbano,Urbano,14.05828
ARG,2013,DA,MinEd_Arg,Tamano,Ratio_Est_Doc,Secundaria,Rural_Urbano,Urbano,23.01923
ARG,2013,DA,MinEd_Arg,Tamano,Ratio_Est_Doc,Todos,Rural_Urbano,Urbano,17.17957
ARG,2014,DA,MinEd_Arg,Tamano,Ratio_Est_Doc,Inicial,No_Aplica,No_Desagregado,13.94835
ARG,2014,DA,MinEd_Arg,Tamano,Ratio_Est_Doc,Primaria,No_Aplica,No_Desagregado,13.07166
ARG,2014,DA,MinEd_Arg,Tamano,Ratio_Est_Doc,Secundaria,No_Aplica,No_Desagregado,21.06688
ARG,2014,DA,MinEd_Arg,Tamano,Ratio_Est_Doc,Todos,No_Aplica,No_Desagregado,15.84552
ARG,2014,DA,MinEd_Arg,Tamano,Ratio_Est_Doc,Inicial,Publico_Privado,Privado,14.11816
ARG,2014,DA,MinEd_Arg,Tamano,Ratio_Est_Doc,Primaria,Publico_Privado,Privado,17.04369
ARG,2014,DA,MinEd_Arg,Tamano,Ratio_Est_Doc,Secundaria,Publico_Privado,Privado,27.7861
ARG,2014,DA,MinEd_Arg,Tamano,Ratio_Est_Doc,Todos,Publico_Privado,Privado,20.89854
ARG,2014,DA,MinEd_Arg,Tamano,Ratio_Est_Doc,Inicial,Publico_Privado,Publico,13.87091
ARG,2014,DA,MinEd_Arg,Tamano,Ratio_Est_Doc,Primaria,Publico_Privado,Publico,12.04717
ARG,2014,DA,MinEd_Arg,Tamano,Ratio_Est_Doc,Secundaria,Publico_Privado,Publico,19.21553
ARG,2014,DA,MinEd_Arg,Tamano,Ratio_Est_Doc,Todos,Publico_Privado,Publico,14.51164
ARG,2014,DA,MinEd_Arg,Tamano,Ratio_Est_Doc,Primaria,Rural_Urbano,Rural,8.53377
ARG,2014,DA,MinEd_Arg,Tamano,Ratio_Est_Doc,Secundaria,Rural_Urbano,Rural,13.71049
ARG,2014,DA,MinEd_Arg,Tamano,Ratio_Est_Doc,Todos,Rural_Urbano,Rural,9.994244
ARG,2014,DA,MinEd_Arg,Tamano,Ratio_Est_Doc,Primaria,Rural_Urbano,Urbano,13.90008
ARG,2014,DA,MinEd_Arg,Tamano,Ratio_Est_Doc,Secundaria,Rural_Urbano,Urbano,22.01528
ARG,2014,DA,MinEd_Arg,Tamano,Ratio_Est_Doc,Todos,Rural_Urbano,Urbano,16.80151
ARG,2015,DA,MinEd_Arg,Tamano,Ratio_Est_Doc,Inicial,No_Aplica,No_Desagregado,13.87181
ARG,2015,DA,MinEd_Arg,Tamano,Ratio_Est_Doc,Primaria,No_Aplica,No_Desagregado,12.91719
ARG,2015,DA,MinEd_Arg,Tamano,Ratio_Est_Doc,Secundaria,No_Aplica,No_Desagregado,21.02478
ARG,2015,DA,MinEd_Arg,Tamano,Ratio_Est_Doc,Todos,No_Aplica,No_Desagregado,15.7357
ARG,2015,DA,MinEd_Arg,Tamano,Ratio_Est_Doc,Inicial,Publico_Privado,Privado,14.07277
ARG,2015,DA,MinEd_Arg,Tamano,Ratio_Est_Doc,Primaria,Publico_Privado,Privado,17.27045
ARG,2015,DA,MinEd_Arg,Tamano,Ratio_Est_Doc,Secundaria,Publico_Privado,Privado,27.4519
ARG,2015,DA,MinEd_Arg,Tamano,Ratio_Est_Doc,Todos,Publico_Privado,Privado,21.00813
ARG,2015,DA,MinEd_Arg,Tamano,Ratio_Est_Doc,Inicial,Publico_Privado,Publico,13.78095
ARG,2015,DA,MinEd_Arg,Tamano,Ratio_Est_Doc,Primaria,Publico_Privado,Publico,11.80711
ARG,2015,DA,MinEd_Arg,Tamano,Ratio_Est_Doc,Secundaria,Publico_Privado,Publico,19.19966
ARG,2015,DA,MinEd_Arg,Tamano,Ratio_Est_Doc,Todos,Publico_Privado,Publico,14.33892
ARG,2015,DA,MinEd_Arg,Tamano,Ratio_Est_Doc,Primaria,Rural_Urbano,Rural,8.202507
ARG,2015,DA,MinEd_Arg,Tamano,Ratio_Est_Doc,Secundaria,Rural_Urbano,Rural,13.89889
ARG,2015,DA,MinEd_Arg,Tamano,Ratio_Est_Doc,Todos,Rural_Urbano,Rural,9.803785
ARG,2015,DA,MinEd_Arg,Tamano,Ratio_Est_Doc,Primaria,Rural_Urbano,Urbano,13.78875
ARG,2015,DA,MinEd_Arg,Tamano,Ratio_Est_Doc,Secundaria,Rural_Urbano,Urbano,21.94603
ARG,2015,DA,MinEd_Arg,Tamano,Ratio_Est_Doc,Todos,Rural_Urbano,Urbano,16.71405
BHS,2005,UNESCO,UIS,Tamano,Anos_escolaridad,Inicial,No_Aplica,No_Desagregado,2
BHS,2005,UNESCO,UIS,Tamano,Anos_escolaridad,Primaria,No_Aplica,No_Desagregado,6
BHS,2005,UNESCO,UIS,Tamano,Anos_escolaridad,Secundaria_Alta,No_Aplica,No_Desagregado,3
BHS,2005,UNESCO,UIS,Tamano,Anos_escolaridad,Secundaria_Baja,No_Aplica,No_Desagregado,3
BHS,2006,UNESCO,UIS,Tamano,Anos_escolaridad,Inicial,No_Aplica,No_Desagregado,2
BHS,2006,UNESCO,UIS,Tamano,Anos_escolaridad,Primaria,No_Aplica,No_Desagregado,6
BHS,2006,UNESCO,UIS,Tamano,Anos_escolaridad,Secundaria_Alta,No_Aplica,No_Desagregado,3
BHS,2006,UNESCO,UIS,Tamano,Anos_escolaridad,Secundaria_Baja,No_Aplica,No_Desagregado,3
BHS,2007,UNESCO,UIS,Tamano,Anos_escolaridad,Inicial,No_Aplica,No_Desagregado,2
BHS,2007,UNESCO,UIS,Tamano,Anos_escolaridad,Primaria,No_Aplica,No_Desagregado,6
BHS,2007,UNESCO,UIS,Tamano,Anos_escolaridad,Secundaria_Alta,No_Aplica,No_Desagregado,3
BHS,2007,UNESCO,UIS,Tamano,Anos_escolaridad,Secundaria_Baja,No_Aplica,No_Desagregado,3
BHS,2008,UNESCO,UIS,Tamano,Anos_escolaridad,Inicial,No_Aplica,No_Desagregado,2
BHS,2008,UNESCO,UIS,Tamano,Anos_escolaridad,Primaria,No_Aplica,No_Desagregado,6
BHS,2008,UNESCO,UIS,Tamano,Anos_escolaridad,Secundaria_Alta,No_Aplica,No_Desagregado,3
BHS,2008,UNESCO,UIS,Tamano,Anos_escolaridad,Secundaria_Baja,No_Aplica,No_Desagregado,3
BHS,2009,UNESCO,UIS,Tamano,Anos_escolaridad,Inicial,No_Aplica,No_Desagregado,2
BHS,2009,UNESCO,UIS,Tamano,Anos_escolaridad,Primaria,No_Aplica,No_Desagregado,6
BHS,2009,UNESCO,UIS,Tamano,Anos_escolaridad,Secundaria_Alta,No_Aplica,No_Desagregado,3
BHS,2009,UNESCO,UIS,Tamano,Anos_escolaridad,Secundaria_Baja,No_Aplica,No_Desagregado,3
BHS,2010,UNESCO,UIS,Tamano,Anos_escolaridad,Inicial,No_Aplica,No_Desagregado,2
BHS,2010,UNESCO,UIS,Tamano,Anos_escolaridad,Primaria,No_Aplica,No_Desagregado,6
BHS,2010,UNESCO,UIS,Tamano,Anos_escolaridad,Secundaria_Alta,No_Aplica,No_Desagregado,3
BHS,2010,UNESCO,UIS,Tamano,Anos_escolaridad,Secundaria_Baja,No_Aplica,No_Desagregado,3
BHS,2011,UNESCO,UIS,Tamano,Anos_escolaridad,Inicial,No_Aplica,No_Desagregado,2
BHS,2011,UNESCO,UIS,Tamano,Anos_escolaridad,Primaria,No_Aplica,No_Desagregado,6
BHS,2011,UNESCO,UIS,Tamano,Anos_escolaridad,Secundaria_Alta,No_Aplica,No_Desagregado,3
BHS,2011,UNESCO,UIS,Tamano,Anos_escolaridad,Secundaria_Baja,No_Aplica,No_Desagregado,3
BHS,2012,UNESCO,UIS,Tamano,Anos_escolaridad,Inicial,No_Aplica,No_Desagregado,2
BHS,2012,UNESCO,UIS,Tamano,Anos_escolaridad,Primaria,No_Aplica,No_Desagregado,6
BHS,2012,UNESCO,UIS,Tamano,Anos_escolaridad,Secundaria_Alta,No_Aplica,No_Desagregado,3
BHS,2012,UNESCO,UIS,Tamano,Anos_escolaridad,Secundaria_Baja,No_Aplica,No_Desagregado,3
