Country_ES,Country_EN,Indicator_Level1_ES,Indicator_Level1_EN,Indicator_Level2_ES,Indicator_Level2_EN,Indicator_Level3_ES,Indicator_Level3_EN,Indicator_Level4_ES,Indicator_Level4_EN,Indicator_ES,Indicator_EN,Year_Date,Year_Text,Value,Unit_ES,Unit_EN
Argentina,Argentina,,,,,,,,,Alcohol,,,1990,0.04,% del PIB,% of GDP
Argentina,Argentina,,,,,,,,,Alcohol,,,1991,0.05,% del PIB,% of GDP
Argentina,Argentina,,,,,,,,,Alcohol,,,1992,0.02,% del PIB,% of GDP
Argentina,Argentina,,,,,,,,,Alcohol,,,1993,0.03,% del PIB,% of GDP
Argentina,Argentina,,,,,,,,,Alcohol,,,1994,0.02,% del PIB,% of GDP
Argentina,Argentina,,,,,,,,,Alcohol,,,1995,0.02,% del PIB,% of GDP
Argentina,Argentina,,,,,,,,,Alcohol,,,1996,0.02,% del PIB,% of GDP
Argentina,Argentina,,,,,,,,,Alcohol,,,1997,0.01,% del PIB,% of GDP
Argentina,Argentina,,,,,,,,,Alcohol,,,1998,0.01,% del PIB,% of GDP
Argentina,Argentina,,,,,,,,,Alcohol,,,1999,0.01,% del PIB,% of GDP
Argentina,Argentina,,,,,,,,,Alcohol,,,2000,0.03,% del PIB,% of GDP
Argentina,Argentina,,,,,,,,,Alcohol,,,2001,0.03,% del PIB,% of GDP
Argentina,Argentina,,,,,,,,,Alcohol,,,2002,0.03,% del PIB,% of GDP
Argentina,Argentina,,,,,,,,,Alcohol,,,2003,0.02,% del PIB,% of GDP
Argentina,Argentina,,,,,,,,,Alcohol,,,2004,0.04,% del PIB,% of GDP
Argentina,Argentina,,,,,,,,,Alcohol,,,2005,0.03,% del PIB,% of GDP
Argentina,Argentina,,,,,,,,,Alcohol,,,2006,0.03,% del PIB,% of GDP
Argentina,Argentina,,,,,,,,,Alcohol,,,2007,0.03,% del PIB,% of GDP
Argentina,Argentina,,,,,,,,,Alcohol,,,2008,0.03,% del PIB,% of GDP
Argentina,Argentina,,,,,,,,,Alcohol,,,2009,0.03,% del PIB,% of GDP
Argentina,Argentina,,,,,,,,,Alcohol,,,2010,0.03,% del PIB,% of GDP
Argentina,Argentina,,,,,,,,,Alcohol,,,2011,0.02,% del PIB,% of GDP
Argentina,Argentina,,,,,,,,,Alcohol,,,2012,0.03,% del PIB,% of GDP
Argentina,Argentina,,,,,,,,,Alcohol,,,2013,0.04,% del PIB,% of GDP
Argentina,Argentina,,,,,,,,,Alcohol,,,2014,0.03,% del PIB,% of GDP
Argentina,Argentina,,,,,,,,,Alcohol,,,2015,0.04,% del PIB,% of GDP
Argentina,Argentina,,,,,,,,,Bebidas,,,1990,0.07,% del PIB,% of GDP
Argentina,Argentina,,,,,,,,,Bebidas,,,1991,0.12,% del PIB,% of GDP
Argentina,Argentina,,,,,,,,,Bebidas,,,1992,0.09,% del PIB,% of GDP
Argentina,Argentina,,,,,,,,,Bebidas,,,1993,0.12,% del PIB,% of GDP
Argentina,Argentina,,,,,,,,,Bebidas,,,1994,0.12,% del PIB,% of GDP
Argentina,Argentina,,,,,,,,,Bebidas,,,1995,0.1,% del PIB,% of GDP
Argentina,Argentina,,,,,,,,,Bebidas,,,1996,0.05,% del PIB,% of GDP
Argentina,Argentina,,,,,,,,,Bebidas,,,1997,0.03,% del PIB,% of GDP
Argentina,Argentina,,,,,,,,,Bebidas,,,1998,0.03,% del PIB,% of GDP
Argentina,Argentina,,,,,,,,,Bebidas,,,1999,0.03,% del PIB,% of GDP
Argentina,Argentina,,,,,,,,,Bebidas,,,2000,0.06,% del PIB,% of GDP
Argentina,Argentina,,,,,,,,,Bebidas,,,2001,0.06,% del PIB,% of GDP
Argentina,Argentina,,,,,,,,,Bebidas,,,2002,0.05,% del PIB,% of GDP
Argentina,Argentina,,,,,,,,,Bebidas,,,2003,0.06,% del PIB,% of GDP
Argentina,Argentina,,,,,,,,,Bebidas,,,2004,0.07,% del PIB,% of GDP
Argentina,Argentina,,,,,,,,,Bebidas,,,2005,0.07,% del PIB,% of GDP
Argentina,Argentina,,,,,,,,,Bebidas,,,2006,0.07,% del PIB,% of GDP
Argentina,Argentina,,,,,,,,,Bebidas,,,2007,0.06,% del PIB,% of GDP
Argentina,Argentina,,,,,,,,,Bebidas,,,2008,0.07,% del PIB,% of GDP
Argentina,Argentina,,,,,,,,,Bebidas,,,2009,0.07,% del PIB,% of GDP
Argentina,Argentina,,,,,,,,,Bebidas,,,2010,0.06,% del PIB,% of GDP
Argentina,Argentina,,,,,,,,,Bebidas,,,2011,0.05,% del PIB,% of GDP
Argentina,Argentina,,,,,,,,,Bebidas,,,2012,0.06,% del PIB,% of GDP
Argentina,Argentina,,,,,,,,,Bebidas,,,2013,0.07,% del PIB,% of GDP
Argentina,Argentina,,,,,,,,,Bebidas,,,2014,0.07,% del PIB,% of GDP
Argentina,Argentina,,,,,,,,,Bebidas,,,2015,0.08,% del PIB,% of GDP
Argentina,Argentina,,,,,,,,,Presión Tributaria Equivalente (IMP+CSS),,,1990,17.89,% del PIB,% of GDP
Argentina,Argentina,,,,,,,,,Presión Tributaria Equivalente (IMP+CSS),,,1991,17.12,% del PIB,% of GDP
Argentina,Argentina,,,,,,,,,Presión Tributaria Equivalente (IMP+CSS),,,1992,20.04,% del PIB,% of GDP
Argentina,Argentina,,,,,,,,,Presión Tributaria Equivalente (IMP+CSS),,,1993,22.71,% del PIB,% of GDP
Argentina,Argentina,,,,,,,,,Presión Tributaria Equivalente (IMP+CSS),,,1994,22.64,% del PIB,% of GDP
Argentina,Argentina,,,,,,,,,Presión Tributaria Equivalente (IMP+CSS),,,1995,21.43,% del PIB,% of GDP
Argentina,Argentina,,,,,,,,,Presión Tributaria Equivalente (IMP+CSS),,,1996,22.86,% del PIB,% of GDP
Argentina,Argentina,,,,,,,,,Presión Tributaria Equivalente (IMP+CSS),,,1997,23.94,% del PIB,% of GDP
Argentina,Argentina,,,,,,,,,Presión Tributaria Equivalente (IMP+CSS),,,1998,24.54,% del PIB,% of GDP
Argentina,Argentina,,,,,,,,,Presión Tributaria Equivalente (IMP+CSS),,,1999,24.84,% del PIB,% of GDP
Argentina,Argentina,,,,,,,,,Presión Tributaria Equivalente (IMP+CSS),,,2000,25.17,% del PIB,% of GDP
Argentina,Argentina,,,,,,,,,Presión Tributaria Equivalente (IMP+CSS),,,2001,24.61,% del PIB,% of GDP
Argentina,Argentina,,,,,,,,,Presión Tributaria Equivalente (IMP+CSS),,,2002,22.38,% del PIB,% of GDP
Argentina,Argentina,,,,,,,,,Presión Tributaria Equivalente (IMP+CSS),,,2003,26.09,% del PIB,% of GDP
Argentina,Argentina,,,,,,,,,Presión Tributaria Equivalente (IMP+CSS),,,2004,27.05,% del PIB,% of GDP
Argentina,Argentina,,,,,,,,,Presión Tributaria Equivalente (IMP+CSS),,,2005,27.36,% del PIB,% of GDP
Argentina,Argentina,,,,,,,,,Presión Tributaria Equivalente (IMP+CSS),,,2006,28.08,% del PIB,% of GDP
Argentina,Argentina,,,,,,,,,Presión Tributaria Equivalente (IMP+CSS),,,2007,29.36,% del PIB,% of GDP
Argentina,Argentina,,,,,,,,,Presión Tributaria Equivalente (IMP+CSS),,,2008,30.75,% del PIB,% of GDP
Argentina,Argentina,,,,,,,,,Presión Tributaria Equivalente (IMP+CSS),,,2009,31.53,% del PIB,% of GDP
Argentina,Argentina,,,,,,,,,Presión Tributaria Equivalente (IMP+CSS),,,2010,31.6,% del PIB,% of GDP
Argentina,Argentina,,,,,,,,,Presión Tributaria Equivalente (IMP+CSS),,,2011,31.98,% del PIB,% of GDP
Argentina,Argentina,,,,,,,,,Presión Tributaria Equivalente (IMP+CSS),,,2012,33.58,% del PIB,% of GDP
Argentina,Argentina,,,,,,,,,Presión Tributaria Equivalente (IMP+CSS),,,2013,34.31,% del PIB,% of GDP
Argentina,Argentina,,,,,,,,,Presión Tributaria Equivalente (IMP+CSS),,,2014,34.22,% del PIB,% of GDP
Argentina,Argentina,,,,,,,,,Presión Tributaria Equivalente (IMP+CSS),,,2015,35.36,% del PIB,% of GDP
Argentina,Argentina,,,,,,,,,Combustibles,,,1990,1.56,% del PIB,% of GDP
Argentina,Argentina,,,,,,,,,Combustibles,,,1991,1.31,% del PIB,% of GDP
Argentina,Argentina,,,,,,,,,Combustibles,,,1992,1.1,% del PIB,% of GDP
Argentina,Argentina,,,,,,,,,Combustibles,,,1993,0.87,% del PIB,% of GDP
Argentina,Argentina,,,,,,,,,Combustibles,,,1994,0.8,% del PIB,% of GDP
Argentina,Argentina,,,,,,,,,Combustibles,,,1995,0.69,% del PIB,% of GDP
Argentina,Argentina,,,,,,,,,Combustibles,,,1996,0.86,% del PIB,% of GDP
Argentina,Argentina,,,,,,,,,Combustibles,,,1997,1.34,% del PIB,% of GDP
Argentina,Argentina,,,,,,,,,Combustibles,,,1998,1.24,% del PIB,% of GDP
Argentina,Argentina,,,,,,,,,Combustibles,,,1999,1.27,% del PIB,% of GDP
Argentina,Argentina,,,,,,,,,Combustibles,,,2000,1.22,% del PIB,% of GDP
Argentina,Argentina,,,,,,,,,Combustibles,,,2001,1.27,% del PIB,% of GDP
Argentina,Argentina,,,,,,,,,Combustibles,,,2002,1.43,% del PIB,% of GDP
Argentina,Argentina,,,,,,,,,Combustibles,,,2003,1.32,% del PIB,% of GDP
Argentina,Argentina,,,,,,,,,Combustibles,,,2004,1.11,% del PIB,% of GDP
Argentina,Argentina,,,,,,,,,Combustibles,,,2005,1.03,% del PIB,% of GDP
Argentina,Argentina,,,,,,,,,Combustibles,,,2006,0.92,% del PIB,% of GDP
Argentina,Argentina,,,,,,,,,Combustibles,,,2007,0.83,% del PIB,% of GDP
Argentina,Argentina,,,,,,,,,Combustibles,,,2008,0.84,% del PIB,% of GDP
Argentina,Argentina,,,,,,,,,Combustibles,,,2009,0.93,% del PIB,% of GDP
Argentina,Argentina,,,,,,,,,Combustibles,,,2010,0.92,% del PIB,% of GDP
Argentina,Argentina,,,,,,,,,Combustibles,,,2011,0.83,% del PIB,% of GDP
Argentina,Argentina,,,,,,,,,Combustibles,,,2012,0.98,% del PIB,% of GDP
Argentina,Argentina,,,,,,,,,Combustibles,,,2013,0.93,% del PIB,% of GDP
Argentina,Argentina,,,,,,,,,Combustibles,,,2014,0.97,% del PIB,% of GDP
Argentina,Argentina,,,,,,,,,Combustibles,,,2015,0.97,% del PIB,% of GDP
Argentina,Argentina,,,,,,,,,Contribuciones privadas obligatorias,,,1990,,% del PIB,% of GDP
Argentina,Argentina,,,,,,,,,Contribuciones privadas obligatorias,,,1991,,% del PIB,% of GDP
Argentina,Argentina,,,,,,,,,Contribuciones privadas obligatorias,,,1992,,% del PIB,% of GDP
Argentina,Argentina,,,,,,,,,Contribuciones privadas obligatorias,,,1993,,% del PIB,% of GDP
Argentina,Argentina,,,,,,,,,Contribuciones privadas obligatorias,,,1994,0.97,% del PIB,% of GDP
Argentina,Argentina,,,,,,,,,Contribuciones privadas obligatorias,,,1995,1.81,% del PIB,% of GDP
Argentina,Argentina,,,,,,,,,Contribuciones privadas obligatorias,,,1996,2.04,% del PIB,% of GDP
Argentina,Argentina,,,,,,,,,Contribuciones privadas obligatorias,,,1997,2.33,% del PIB,% of GDP
Argentina,Argentina,,,,,,,,,Contribuciones privadas obligatorias,,,1998,2.5,% del PIB,% of GDP
Argentina,Argentina,,,,,,,,,Contribuciones privadas obligatorias,,,1999,2.71,% del PIB,% of GDP
Argentina,Argentina,,,,,,,,,Contribuciones privadas obligatorias,,,2000,2.69,% del PIB,% of GDP
Argentina,Argentina,,,,,,,,,Contribuciones privadas obligatorias,,,2001,2.69,% del PIB,% of GDP
Argentina,Argentina,,,,,,,,,Contribuciones privadas obligatorias,,,2002,1.64,% del PIB,% of GDP
Argentina,Argentina,,,,,,,,,Contribuciones privadas obligatorias,,,2003,1.79,% del PIB,% of GDP
Argentina,Argentina,,,,,,,,,Contribuciones privadas obligatorias,,,2004,1.86,% del PIB,% of GDP
Argentina,Argentina,,,,,,,,,Contribuciones privadas obligatorias,,,2005,1.95,% del PIB,% of GDP
Argentina,Argentina,,,,,,,,,Contribuciones privadas obligatorias,,,2006,2.15,% del PIB,% of GDP
Argentina,Argentina,,,,,,,,,Contribuciones privadas obligatorias,,,2007,2.23,% del PIB,% of GDP
Argentina,Argentina,,,,,,,,,Contribuciones privadas obligatorias,,,2008,2.34,% del PIB,% of GDP
Argentina,Argentina,,,,,,,,,Contribuciones privadas obligatorias,,,2009,1.67,% del PIB,% of GDP
Argentina,Argentina,,,,,,,,,Contribuciones privadas obligatorias,,,2010,1.7,% del PIB,% of GDP
Argentina,Argentina,,,,,,,,,Contribuciones privadas obligatorias,,,2011,1.81,% del PIB,% of GDP
Argentina,Argentina,,,,,,,,,Contribuciones privadas obligatorias,,,2012,1.98,% del PIB,% of GDP
Argentina,Argentina,,,,,,,,,Contribuciones privadas obligatorias,,,2013,2.08,% del PIB,% of GDP
Argentina,Argentina,,,,,,,,,Contribuciones privadas obligatorias,,,2014,2.04,% del PIB,% of GDP
Argentina,Argentina,,,,,,,,,Contribuciones privadas obligatorias,,,2015,2.22,% del PIB,% of GDP
Argentina,Argentina,,,,,,,,,Contribuciones sociales públicas,,,1990,3.75,% del PIB,% of GDP
Argentina,Argentina,,,,,,,,,Contribuciones sociales públicas,,,1991,4.28,% del PIB,% of GDP
Argentina,Argentina,,,,,,,,,Contribuciones sociales públicas,,,1992,4.95,% del PIB,% of GDP
Argentina,Argentina,,,,,,,,,Contribuciones sociales públicas,,,1993,5.58,% del PIB,% of GDP
Argentina,Argentina,,,,,,,,,Contribuciones sociales públicas,,,1994,5.4,% del PIB,% of GDP
Argentina,Argentina,,,,,,,,,Contribuciones sociales públicas,,,1995,4.75,% del PIB,% of GDP
Argentina,Argentina,,,,,,,,,Contribuciones sociales públicas,,,1996,3.87,% del PIB,% of GDP
Argentina,Argentina,,,,,,,,,Contribuciones sociales públicas,,,1997,3.66,% del PIB,% of GDP
Argentina,Argentina,,,,,,,,,Contribuciones sociales públicas,,,1998,3.49,% del PIB,% of GDP
Argentina,Argentina,,,,,,,,,Contribuciones sociales públicas,,,1999,3.27,% del PIB,% of GDP
Argentina,Argentina,,,,,,,,,Contribuciones sociales públicas,,,2000,3.14,% del PIB,% of GDP
Argentina,Argentina,,,,,,,,,Contribuciones sociales públicas,,,2001,3.03,% del PIB,% of GDP
Argentina,Argentina,,,,,,,,,Contribuciones sociales públicas,,,2002,2.66,% del PIB,% of GDP
Argentina,Argentina,,,,,,,,,Contribuciones sociales públicas,,,2003,2.63,% del PIB,% of GDP
Argentina,Argentina,,,,,,,,,Contribuciones sociales públicas,,,2004,2.71,% del PIB,% of GDP
Argentina,Argentina,,,,,,,,,Contribuciones sociales públicas,,,2005,2.93,% del PIB,% of GDP
Argentina,Argentina,,,,,,,,,Contribuciones sociales públicas,,,2006,3.44,% del PIB,% of GDP
Argentina,Argentina,,,,,,,,,Contribuciones sociales públicas,,,2007,4.03,% del PIB,% of GDP
Argentina,Argentina,,,,,,,,,Contribuciones sociales públicas,,,2008,4.53,% del PIB,% of GDP
Argentina,Argentina,,,,,,,,,Contribuciones sociales públicas,,,2009,6.22,% del PIB,% of GDP
Argentina,Argentina,,,,,,,,,Contribuciones sociales públicas,,,2010,6.13,% del PIB,% of GDP
Argentina,Argentina,,,,,,,,,Contribuciones sociales públicas,,,2011,6.28,% del PIB,% of GDP
Argentina,Argentina,,,,,,,,,Contribuciones sociales públicas,,,2012,6.79,% del PIB,% of GDP
Argentina,Argentina,,,,,,,,,Contribuciones sociales públicas,,,2013,7.02,% del PIB,% of GDP
Argentina,Argentina,,,,,,,,,Contribuciones sociales públicas,,,2014,6.69,% del PIB,% of GDP
Argentina,Argentina,,,,,,,,,Contribuciones sociales públicas,,,2015,7.1,% del PIB,% of GDP
Argentina,Argentina,,,,,,,,,Gobiernos subnacionales,,,1990,5.5,% del PIB,% of GDP
Argentina,Argentina,,,,,,,,,Gobiernos subnacionales,,,1991,3.05,% del PIB,% of GDP
Argentina,Argentina,,,,,,,,,Gobiernos subnacionales,,,1992,3.76,% del PIB,% of GDP
Argentina,Argentina,,,,,,,,,Gobiernos subnacionales,,,1993,4.96,% del PIB,% of GDP
Argentina,Argentina,,,,,,,,,Gobiernos subnacionales,,,1994,5.11,% del PIB,% of GDP
Argentina,Argentina,,,,,,,,,Gobiernos subnacionales,,,1995,4.82,% del PIB,% of GDP
Argentina,Argentina,,,,,,,,,Gobiernos subnacionales,,,1996,4.85,% del PIB,% of GDP
Argentina,Argentina,,,,,,,,,Gobiernos subnacionales,,,1997,4.97,% del PIB,% of GDP
Argentina,Argentina,,,,,,,,,Gobiernos subnacionales,,,1998,5.23,% del PIB,% of GDP
Argentina,Argentina,,,,,,,,,Gobiernos subnacionales,,,1999,5.26,% del PIB,% of GDP
Argentina,Argentina,,,,,,,,,Gobiernos subnacionales,,,2000,5.19,% del PIB,% of GDP
Argentina,Argentina,,,,,,,,,Gobiernos subnacionales,,,2001,4.97,% del PIB,% of GDP
Argentina,Argentina,,,,,,,,,Gobiernos subnacionales,,,2002,4.54,% del PIB,% of GDP
Argentina,Argentina,,,,,,,,,Gobiernos subnacionales,,,2003,5,% del PIB,% of GDP
Argentina,Argentina,,,,,,,,,Gobiernos subnacionales,,,2004,4.81,% del PIB,% of GDP
Argentina,Argentina,,,,,,,,,Gobiernos subnacionales,,,2005,4.78,% del PIB,% of GDP
Argentina,Argentina,,,,,,,,,Gobiernos subnacionales,,,2006,4.81,% del PIB,% of GDP
Argentina,Argentina,,,,,,,,,Gobiernos subnacionales,,,2007,4.75,% del PIB,% of GDP
Argentina,Argentina,,,,,,,,,Gobiernos subnacionales,,,2008,4.87,% del PIB,% of GDP
Argentina,Argentina,,,,,,,,,Gobiernos subnacionales,,,2009,5.26,% del PIB,% of GDP
Argentina,Argentina,,,,,,,,,Gobiernos subnacionales,,,2010,5.1,% del PIB,% of GDP
Argentina,Argentina,,,,,,,,,Gobiernos subnacionales,,,2011,5.24,% del PIB,% of GDP
Argentina,Argentina,,,,,,,,,Gobiernos subnacionales,,,2012,5.67,% del PIB,% of GDP
Argentina,Argentina,,,,,,,,,Gobiernos subnacionales,,,2013,6.4,% del PIB,% of GDP
Argentina,Argentina,,,,,,,,,Gobiernos subnacionales,,,2014,6.43,% del PIB,% of GDP
Argentina,Argentina,,,,,,,,,Gobiernos subnacionales,,,2015,6.63,% del PIB,% of GDP
Argentina,Argentina,,,,,,,,,"Imp. sobre la renta, utilidades y ganancias de capital",,,1990,0.79,% del PIB,% of GDP
Argentina,Argentina,,,,,,,,,"Imp. sobre la renta, utilidades y ganancias de capital",,,1991,1.15,% del PIB,% of GDP
Argentina,Argentina,,,,,,,,,"Imp. sobre la renta, utilidades y ganancias de capital",,,1992,1.48,% del PIB,% of GDP
Argentina,Argentina,,,,,,,,,"Imp. sobre la renta, utilidades y ganancias de capital",,,1993,2.03,% del PIB,% of GDP
Argentina,Argentina,,,,,,,,,"Imp. sobre la renta, utilidades y ganancias de capital",,,1994,2.44,% del PIB,% of GDP
Argentina,Argentina,,,,,,,,,"Imp. sobre la renta, utilidades y ganancias de capital",,,1995,2.51,% del PIB,% of GDP
Argentina,Argentina,,,,,,,,,"Imp. sobre la renta, utilidades y ganancias de capital",,,1996,2.57,% del PIB,% of GDP
Argentina,Argentina,,,,,,,,,"Imp. sobre la renta, utilidades y ganancias de capital",,,1997,2.9,% del PIB,% of GDP
Argentina,Argentina,,,,,,,,,"Imp. sobre la renta, utilidades y ganancias de capital",,,1998,3.21,% del PIB,% of GDP
Argentina,Argentina,,,,,,,,,"Imp. sobre la renta, utilidades y ganancias de capital",,,1999,3.56,% del PIB,% of GDP
Argentina,Argentina,,,,,,,,,"Imp. sobre la renta, utilidades y ganancias de capital",,,2000,3.93,% del PIB,% of GDP
Argentina,Argentina,,,,,,,,,"Imp. sobre la renta, utilidades y ganancias de capital",,,2001,3.99,% del PIB,% of GDP
Argentina,Argentina,,,,,,,,,"Imp. sobre la renta, utilidades y ganancias de capital",,,2002,3.04,% del PIB,% of GDP
Argentina,Argentina,,,,,,,,,"Imp. sobre la renta, utilidades y ganancias de capital",,,2003,4.3,% del PIB,% of GDP
Argentina,Argentina,,,,,,,,,"Imp. sobre la renta, utilidades y ganancias de capital",,,2004,4.86,% del PIB,% of GDP
Argentina,Argentina,,,,,,,,,"Imp. sobre la renta, utilidades y ganancias de capital",,,2005,5.01,% del PIB,% of GDP
Argentina,Argentina,,,,,,,,,"Imp. sobre la renta, utilidades y ganancias de capital",,,2006,4.86,% del PIB,% of GDP
Argentina,Argentina,,,,,,,,,"Imp. sobre la renta, utilidades y ganancias de capital",,,2007,4.93,% del PIB,% of GDP
Argentina,Argentina,,,,,,,,,"Imp. sobre la renta, utilidades y ganancias de capital",,,2008,4.76,% del PIB,% of GDP
Argentina,Argentina,,,,,,,,,"Imp. sobre la renta, utilidades y ganancias de capital",,,2009,4.56,% del PIB,% of GDP
Argentina,Argentina,,,,,,,,,"Imp. sobre la renta, utilidades y ganancias de capital",,,2010,4.72,% del PIB,% of GDP
Argentina,Argentina,,,,,,,,,"Imp. sobre la renta, utilidades y ganancias de capital",,,2011,5.05,% del PIB,% of GDP
Argentina,Argentina,,,,,,,,,"Imp. sobre la renta, utilidades y ganancias de capital",,,2012,5.31,% del PIB,% of GDP
Argentina,Argentina,,,,,,,,,"Imp. sobre la renta, utilidades y ganancias de capital",,,2013,5.55,% del PIB,% of GDP
Argentina,Argentina,,,,,,,,,"Imp. sobre la renta, utilidades y ganancias de capital",,,2014,5.89,% del PIB,% of GDP
Argentina,Argentina,,,,,,,,,"Imp. sobre la renta, utilidades y ganancias de capital",,,2015,6.58,% del PIB,% of GDP
Argentina,Argentina,,,,,,,,,Impuestos generales consumo,,,1990,5.23,% del PIB,% of GDP
Argentina,Argentina,,,,,,,,,Impuestos generales consumo,,,1991,4.83,% del PIB,% of GDP
Argentina,Argentina,,,,,,,,,Impuestos generales consumo,,,1992,7.68,% del PIB,% of GDP
Argentina,Argentina,,,,,,,,,Impuestos generales consumo,,,1993,9,% del PIB,% of GDP
Argentina,Argentina,,,,,,,,,Impuestos generales consumo,,,1994,8.89,% del PIB,% of GDP
Argentina,Argentina,,,,,,,,,Impuestos generales consumo,,,1995,8.78,% del PIB,% of GDP
Argentina,Argentina,,,,,,,,,Impuestos generales consumo,,,1996,8.93,% del PIB,% of GDP
Argentina,Argentina,,,,,,,,,Impuestos generales consumo,,,1997,9.04,% del PIB,% of GDP
Argentina,Argentina,,,,,,,,,Impuestos generales consumo,,,1998,9.17,% del PIB,% of GDP
Argentina,Argentina,,,,,,,,,Impuestos generales consumo,,,1999,8.82,% del PIB,% of GDP
Argentina,Argentina,,,,,,,,,Impuestos generales consumo,,,2000,8.84,% del PIB,% of GDP
Argentina,Argentina,,,,,,,,,Impuestos generales consumo,,,2001,7.79,% del PIB,% of GDP
Argentina,Argentina,,,,,,,,,Impuestos generales consumo,,,2002,6.84,% del PIB,% of GDP
Argentina,Argentina,,,,,,,,,Impuestos generales consumo,,,2003,7.93,% del PIB,% of GDP
Argentina,Argentina,,,,,,,,,Impuestos generales consumo,,,2004,8.78,% del PIB,% of GDP
Argentina,Argentina,,,,,,,,,Impuestos generales consumo,,,2005,8.83,% del PIB,% of GDP
Argentina,Argentina,,,,,,,,,Impuestos generales consumo,,,2006,9.16,% del PIB,% of GDP
Argentina,Argentina,,,,,,,,,Impuestos generales consumo,,,2007,9.68,% del PIB,% of GDP
Argentina,Argentina,,,,,,,,,Impuestos generales consumo,,,2008,9.84,% del PIB,% of GDP
Argentina,Argentina,,,,,,,,,Impuestos generales consumo,,,2009,10.17,% del PIB,% of GDP
Argentina,Argentina,,,,,,,,,Impuestos generales consumo,,,2010,10.08,% del PIB,% of GDP
Argentina,Argentina,,,,,,,,,Impuestos generales consumo,,,2011,10.32,% del PIB,% of GDP
Argentina,Argentina,,,,,,,,,Impuestos generales consumo,,,2012,10.67,% del PIB,% of GDP
Argentina,Argentina,,,,,,,,,Impuestos generales consumo,,,2013,11.4,% del PIB,% of GDP
Argentina,Argentina,,,,,,,,,Impuestos generales consumo,,,2014,11.27,% del PIB,% of GDP
Argentina,Argentina,,,,,,,,,Impuestos generales consumo,,,2015,11.52,% del PIB,% of GDP
Argentina,Argentina,,,,,,,,,Impuestos propiedad,,,1990,2.23,% del PIB,% of GDP
Argentina,Argentina,,,,,,,,,Impuestos propiedad,,,1991,0.94,% del PIB,% of GDP
Argentina,Argentina,,,,,,,,,Impuestos propiedad,,,1992,0.97,% del PIB,% of GDP
Argentina,Argentina,,,,,,,,,Impuestos propiedad,,,1993,1.03,% del PIB,% of GDP
Argentina,Argentina,,,,,,,,,Impuestos propiedad,,,1994,1.07,% del PIB,% of GDP
Argentina,Argentina,,,,,,,,,Impuestos propiedad,,,1995,1.06,% del PIB,% of GDP
Argentina,Argentina,,,,,,,,,Impuestos propiedad,,,1996,1.17,% del PIB,% of GDP
Argentina,Argentina,,,,,,,,,Impuestos propiedad,,,1997,1.14,% del PIB,% of GDP
Argentina,Argentina,,,,,,,,,Impuestos propiedad,,,1998,1.25,% del PIB,% of GDP
Argentina,Argentina,,,,,,,,,Impuestos propiedad,,,1999,1.3,% del PIB,% of GDP
Argentina,Argentina,,,,,,,,,Impuestos propiedad,,,2000,1.35,% del PIB,% of GDP
Argentina,Argentina,,,,,,,,,Impuestos propiedad,,,2001,1.22,% del PIB,% of GDP
Argentina,Argentina,,,,,,,,,Impuestos propiedad,,,2002,0.96,% del PIB,% of GDP
Argentina,Argentina,,,,,,,,,Impuestos propiedad,,,2003,1.29,% del PIB,% of GDP
Argentina,Argentina,,,,,,,,,Impuestos propiedad,,,2004,1.13,% del PIB,% of GDP
Argentina,Argentina,,,,,,,,,Impuestos propiedad,,,2005,1.05,% del PIB,% of GDP
Argentina,Argentina,,,,,,,,,Impuestos propiedad,,,2006,0.95,% del PIB,% of GDP
Argentina,Argentina,,,,,,,,,Impuestos propiedad,,,2007,0.88,% del PIB,% of GDP
Argentina,Argentina,,,,,,,,,Impuestos propiedad,,,2008,0.9,% del PIB,% of GDP
Argentina,Argentina,,,,,,,,,Impuestos propiedad,,,2009,0.95,% del PIB,% of GDP
Argentina,Argentina,,,,,,,,,Impuestos propiedad,,,2010,0.87,% del PIB,% of GDP
Argentina,Argentina,,,,,,,,,Impuestos propiedad,,,2011,0.82,% del PIB,% of GDP
Argentina,Argentina,,,,,,,,,Impuestos propiedad,,,2012,0.93,% del PIB,% of GDP
Argentina,Argentina,,,,,,,,,Impuestos propiedad,,,2013,1.03,% del PIB,% of GDP
Argentina,Argentina,,,,,,,,,Impuestos propiedad,,,2014,0.98,% del PIB,% of GDP
Argentina,Argentina,,,,,,,,,Impuestos propiedad,,,2015,1.02,% del PIB,% of GDP
Argentina,Argentina,,,,,,,,,Ingresos Impositivos Totales (IMP) (Nac+Subnac),,,1990,14.14,% del PIB,% of GDP
Argentina,Argentina,,,,,,,,,Ingresos Impositivos Totales (IMP) (Nac+Subnac),,,1991,12.84,% del PIB,% of GDP
Argentina,Argentina,,,,,,,,,Ingresos Impositivos Totales (IMP) (Nac+Subnac),,,1992,15.09,% del PIB,% of GDP
Argentina,Argentina,,,,,,,,,Ingresos Impositivos Totales (IMP) (Nac+Subnac),,,1993,17.14,% del PIB,% of GDP
Argentina,Argentina,,,,,,,,,Ingresos Impositivos Totales (IMP) (Nac+Subnac),,,1994,17.24,% del PIB,% of GDP
Argentina,Argentina,,,,,,,,,Ingresos Impositivos Totales (IMP) (Nac+Subnac),,,1995,16.68,% del PIB,% of GDP
Argentina,Argentina,,,,,,,,,Ingresos Impositivos Totales (IMP) (Nac+Subnac),,,1996,16.95,% del PIB,% of GDP
Argentina,Argentina,,,,,,,,,Ingresos Impositivos Totales (IMP) (Nac+Subnac),,,1997,17.95,% del PIB,% of GDP
Argentina,Argentina,,,,,,,,,Ingresos Impositivos Totales (IMP) (Nac+Subnac),,,1998,18.56,% del PIB,% of GDP
Argentina,Argentina,,,,,,,,,Ingresos Impositivos Totales (IMP) (Nac+Subnac),,,1999,18.86,% del PIB,% of GDP
Argentina,Argentina,,,,,,,,,Ingresos Impositivos Totales (IMP) (Nac+Subnac),,,2000,19.33,% del PIB,% of GDP
Argentina,Argentina,,,,,,,,,Ingresos Impositivos Totales (IMP) (Nac+Subnac),,,2001,18.89,% del PIB,% of GDP
Argentina,Argentina,,,,,,,,,Ingresos Impositivos Totales (IMP) (Nac+Subnac),,,2002,18.08,% del PIB,% of GDP
Argentina,Argentina,,,,,,,,,Ingresos Impositivos Totales (IMP) (Nac+Subnac),,,2003,21.67,% del PIB,% of GDP
Argentina,Argentina,,,,,,,,,Ingresos Impositivos Totales (IMP) (Nac+Subnac),,,2004,22.48,% del PIB,% of GDP
Argentina,Argentina,,,,,,,,,Ingresos Impositivos Totales (IMP) (Nac+Subnac),,,2005,22.47,% del PIB,% of GDP
Argentina,Argentina,,,,,,,,,Ingresos Impositivos Totales (IMP) (Nac+Subnac),,,2006,22.49,% del PIB,% of GDP
Argentina,Argentina,,,,,,,,,Ingresos Impositivos Totales (IMP) (Nac+Subnac),,,2007,23.1,% del PIB,% of GDP
Argentina,Argentina,,,,,,,,,Ingresos Impositivos Totales (IMP) (Nac+Subnac),,,2008,23.88,% del PIB,% of GDP
Argentina,Argentina,,,,,,,,,Ingresos Impositivos Totales (IMP) (Nac+Subnac),,,2009,23.64,% del PIB,% of GDP
Argentina,Argentina,,,,,,,,,Ingresos Impositivos Totales (IMP) (Nac+Subnac),,,2010,23.77,% del PIB,% of GDP
Argentina,Argentina,,,,,,,,,Ingresos Impositivos Totales (IMP) (Nac+Subnac),,,2011,23.89,% del PIB,% of GDP
Argentina,Argentina,,,,,,,,,Ingresos Impositivos Totales (IMP) (Nac+Subnac),,,2012,24.81,% del PIB,% of GDP
Argentina,Argentina,,,,,,,,,Ingresos Impositivos Totales (IMP) (Nac+Subnac),,,2013,25.21,% del PIB,% of GDP
Argentina,Argentina,,,,,,,,,Ingresos Impositivos Totales (IMP) (Nac+Subnac),,,2014,25.49,% del PIB,% of GDP
Argentina,Argentina,,,,,,,,,Ingresos Impositivos Totales (IMP) (Nac+Subnac),,,2015,26.1,% del PIB,% of GDP
Argentina,Argentina,,,,,,,,,IVA,,,1990,2.31,% del PIB,% of GDP
Argentina,Argentina,,,,,,,,,IVA,,,1991,3.45,% del PIB,% of GDP
Argentina,Argentina,,,,,,,,,IVA,,,1992,5.88,% del PIB,% of GDP
Argentina,Argentina,,,,,,,,,IVA,,,1993,6.88,% del PIB,% of GDP
Argentina,Argentina,,,,,,,,,IVA,,,1994,6.75,% del PIB,% of GDP
Argentina,Argentina,,,,,,,,,IVA,,,1995,6.76,% del PIB,% of GDP
Argentina,Argentina,,,,,,,,,IVA,,,1996,6.92,% del PIB,% of GDP
Argentina,Argentina,,,,,,,,,IVA,,,1997,6.99,% del PIB,% of GDP
Argentina,Argentina,,,,,,,,,IVA,,,1998,6.98,% del PIB,% of GDP
Argentina,Argentina,,,,,,,,,IVA,,,1999,6.62,% del PIB,% of GDP
Argentina,Argentina,,,,,,,,,IVA,,,2000,6.69,% del PIB,% of GDP
Argentina,Argentina,,,,,,,,,IVA,,,2001,5.71,% del PIB,% of GDP
Argentina,Argentina,,,,,,,,,IVA,,,2002,4.88,% del PIB,% of GDP
Argentina,Argentina,,,,,,,,,IVA,,,2003,5.57,% del PIB,% of GDP
Argentina,Argentina,,,,,,,,,IVA,,,2004,6.39,% del PIB,% of GDP
Argentina,Argentina,,,,,,,,,IVA,,,2005,6.33,% del PIB,% of GDP
Argentina,Argentina,,,,,,,,,IVA,,,2006,6.58,% del PIB,% of GDP
Argentina,Argentina,,,,,,,,,IVA,,,2007,6.99,% del PIB,% of GDP
Argentina,Argentina,,,,,,,,,IVA,,,2008,6.98,% del PIB,% of GDP
Argentina,Argentina,,,,,,,,,IVA,,,2009,7,% del PIB,% of GDP
Argentina,Argentina,,,,,,,,,IVA,,,2010,7,% del PIB,% of GDP
Argentina,Argentina,,,,,,,,,IVA,,,2011,7.08,% del PIB,% of GDP
Argentina,Argentina,,,,,,,,,IVA,,,2012,7.22,% del PIB,% of GDP
Argentina,Argentina,,,,,,,,,IVA,,,2013,7.44,% del PIB,% of GDP
Argentina,Argentina,,,,,,,,,IVA,,,2014,7.23,% del PIB,% of GDP
Argentina,Argentina,,,,,,,,,IVA,,,2015,7.41,% del PIB,% of GDP
Argentina,Argentina,,,,,,,,,Presión Fiscal Equivalente (RND+CSS+IMP),,,1990,17.89,% del PIB,% of GDP
Argentina,Argentina,,,,,,,,,Presión Fiscal Equivalente (RND+CSS+IMP),,,1991,17.12,% del PIB,% of GDP
Argentina,Argentina,,,,,,,,,Presión Fiscal Equivalente (RND+CSS+IMP),,,1992,20.04,% del PIB,% of GDP
Argentina,Argentina,,,,,,,,,Presión Fiscal Equivalente (RND+CSS+IMP),,,1993,22.99,% del PIB,% of GDP
Argentina,Argentina,,,,,,,,,Presión Fiscal Equivalente (RND+CSS+IMP),,,1994,22.9,% del PIB,% of GDP
Argentina,Argentina,,,,,,,,,Presión Fiscal Equivalente (RND+CSS+IMP),,,1995,21.71,% del PIB,% of GDP
Argentina,Argentina,,,,,,,,,Presión Fiscal Equivalente (RND+CSS+IMP),,,1996,23.19,% del PIB,% of GDP
Argentina,Argentina,,,,,,,,,Presión Fiscal Equivalente (RND+CSS+IMP),,,1997,24.26,% del PIB,% of GDP
Argentina,Argentina,,,,,,,,,Presión Fiscal Equivalente (RND+CSS+IMP),,,1998,24.78,% del PIB,% of GDP
Argentina,Argentina,,,,,,,,,Presión Fiscal Equivalente (RND+CSS+IMP),,,1999,25.13,% del PIB,% of GDP
Argentina,Argentina,,,,,,,,,Presión Fiscal Equivalente (RND+CSS+IMP),,,2000,25.61,% del PIB,% of GDP
Argentina,Argentina,,,,,,,,,Presión Fiscal Equivalente (RND+CSS+IMP),,,2001,25.05,% del PIB,% of GDP
Argentina,Argentina,,,,,,,,,Presión Fiscal Equivalente (RND+CSS+IMP),,,2002,23.13,% del PIB,% of GDP
Argentina,Argentina,,,,,,,,,Presión Fiscal Equivalente (RND+CSS+IMP),,,2003,26.9,% del PIB,% of GDP
Argentina,Argentina,,,,,,,,,Presión Fiscal Equivalente (RND+CSS+IMP),,,2004,27.78,% del PIB,% of GDP
Argentina,Argentina,,,,,,,,,Presión Fiscal Equivalente (RND+CSS+IMP),,,2005,28.11,% del PIB,% of GDP
Argentina,Argentina,,,,,,,,,Presión Fiscal Equivalente (RND+CSS+IMP),,,2006,28.86,% del PIB,% of GDP
Argentina,Argentina,,,,,,,,,Presión Fiscal Equivalente (RND+CSS+IMP),,,2007,29.99,% del PIB,% of GDP
Argentina,Argentina,,,,,,,,,Presión Fiscal Equivalente (RND+CSS+IMP),,,2008,31.31,% del PIB,% of GDP
Argentina,Argentina,,,,,,,,,Presión Fiscal Equivalente (RND+CSS+IMP),,,2009,32.12,% del PIB,% of GDP
Argentina,Argentina,,,,,,,,,Presión Fiscal Equivalente (RND+CSS+IMP),,,2010,32.12,% del PIB,% of GDP
Argentina,Argentina,,,,,,,,,Presión Fiscal Equivalente (RND+CSS+IMP),,,2011,32.42,% del PIB,% of GDP
Argentina,Argentina,,,,,,,,,Presión Fiscal Equivalente (RND+CSS+IMP),,,2012,34.05,% del PIB,% of GDP
Argentina,Argentina,,,,,,,,,Presión Fiscal Equivalente (RND+CSS+IMP),,,2013,34.73,% del PIB,% of GDP
Argentina,Argentina,,,,,,,,,Presión Fiscal Equivalente (RND+CSS+IMP),,,2014,34.69,% del PIB,% of GDP
Argentina,Argentina,,,,,,,,,Presión Fiscal Equivalente (RND+CSS+IMP),,,2015,35.78,% del PIB,% of GDP
Argentina,Argentina,,,,,,,,,Recursos Naturales Disponibles (RND),,,1990,,% del PIB,% of GDP
Argentina,Argentina,,,,,,,,,Recursos Naturales Disponibles (RND),,,1991,,% del PIB,% of GDP
Argentina,Argentina,,,,,,,,,Recursos Naturales Disponibles (RND),,,1992,,% del PIB,% of GDP
Argentina,Argentina,,,,,,,,,Recursos Naturales Disponibles (RND),,,1993,0.27,% del PIB,% of GDP
Argentina,Argentina,,,,,,,,,Recursos Naturales Disponibles (RND),,,1994,0.26,% del PIB,% of GDP
Argentina,Argentina,,,,,,,,,Recursos Naturales Disponibles (RND),,,1995,0.28,% del PIB,% of GDP
Argentina,Argentina,,,,,,,,,Recursos Naturales Disponibles (RND),,,1996,0.33,% del PIB,% of GDP
Argentina,Argentina,,,,,,,,,Recursos Naturales Disponibles (RND),,,1997,0.32,% del PIB,% of GDP
Argentina,Argentina,,,,,,,,,Recursos Naturales Disponibles (RND),,,1998,0.24,% del PIB,% of GDP
Argentina,Argentina,,,,,,,,,Recursos Naturales Disponibles (RND),,,1999,0.29,% del PIB,% of GDP
Argentina,Argentina,,,,,,,,,Recursos Naturales Disponibles (RND),,,2000,0.44,% del PIB,% of GDP
Argentina,Argentina,,,,,,,,,Recursos Naturales Disponibles (RND),,,2001,0.44,% del PIB,% of GDP
Argentina,Argentina,,,,,,,,,Recursos Naturales Disponibles (RND),,,2002,0.75,% del PIB,% of GDP
Argentina,Argentina,,,,,,,,,Recursos Naturales Disponibles (RND),,,2003,0.81,% del PIB,% of GDP
Argentina,Argentina,,,,,,,,,Recursos Naturales Disponibles (RND),,,2004,0.72,% del PIB,% of GDP
Argentina,Argentina,,,,,,,,,Recursos Naturales Disponibles (RND),,,2005,0.75,% del PIB,% of GDP
Argentina,Argentina,,,,,,,,,Recursos Naturales Disponibles (RND),,,2006,0.78,% del PIB,% of GDP
Argentina,Argentina,,,,,,,,,Recursos Naturales Disponibles (RND),,,2007,0.63,% del PIB,% of GDP
Argentina,Argentina,,,,,,,,,Recursos Naturales Disponibles (RND),,,2008,0.56,% del PIB,% of GDP
Argentina,Argentina,,,,,,,,,Recursos Naturales Disponibles (RND),,,2009,0.6,% del PIB,% of GDP
Argentina,Argentina,,,,,,,,,Recursos Naturales Disponibles (RND),,,2010,0.52,% del PIB,% of GDP
Argentina,Argentina,,,,,,,,,Recursos Naturales Disponibles (RND),,,2011,0.45,% del PIB,% of GDP
Argentina,Argentina,,,,,,,,,Recursos Naturales Disponibles (RND),,,2012,0.47,% del PIB,% of GDP
Argentina,Argentina,,,,,,,,,Recursos Naturales Disponibles (RND),,,2013,0.42,% del PIB,% of GDP
Argentina,Argentina,,,,,,,,,Recursos Naturales Disponibles (RND),,,2014,0.47,% del PIB,% of GDP
Argentina,Argentina,,,,,,,,,Recursos Naturales Disponibles (RND),,,2015,0.41,% del PIB,% of GDP
Argentina,Argentina,,,,,,,,,Renta personas físicas,,,1990,0.19,% del PIB,% of GDP
Argentina,Argentina,,,,,,,,,Renta personas físicas,,,1991,0,% del PIB,% of GDP
Argentina,Argentina,,,,,,,,,Renta personas físicas,,,1992,0.28,% del PIB,% of GDP
Argentina,Argentina,,,,,,,,,Renta personas físicas,,,1993,0.54,% del PIB,% of GDP
Argentina,Argentina,,,,,,,,,Renta personas físicas,,,1994,0.71,% del PIB,% of GDP
Argentina,Argentina,,,,,,,,,Renta personas físicas,,,1995,0.75,% del PIB,% of GDP
Argentina,Argentina,,,,,,,,,Renta personas físicas,,,1996,0.94,% del PIB,% of GDP
Argentina,Argentina,,,,,,,,,Renta personas físicas,,,1997,0.89,% del PIB,% of GDP
Argentina,Argentina,,,,,,,,,Renta personas físicas,,,1998,0.96,% del PIB,% of GDP
Argentina,Argentina,,,,,,,,,Renta personas físicas,,,1999,1.05,% del PIB,% of GDP
Argentina,Argentina,,,,,,,,,Renta personas físicas,,,2000,1.3,% del PIB,% of GDP
Argentina,Argentina,,,,,,,,,Renta personas físicas,,,2001,1.35,% del PIB,% of GDP
Argentina,Argentina,,,,,,,,,Renta personas físicas,,,2002,1.12,% del PIB,% of GDP
Argentina,Argentina,,,,,,,,,Renta personas físicas,,,2003,1.32,% del PIB,% of GDP
Argentina,Argentina,,,,,,,,,Renta personas físicas,,,2004,1.27,% del PIB,% of GDP
Argentina,Argentina,,,,,,,,,Renta personas físicas,,,2005,1.4,% del PIB,% of GDP
Argentina,Argentina,,,,,,,,,Renta personas físicas,,,2006,1.39,% del PIB,% of GDP
Argentina,Argentina,,,,,,,,,Renta personas físicas,,,2007,1.42,% del PIB,% of GDP
Argentina,Argentina,,,,,,,,,Renta personas físicas,,,2008,1.53,% del PIB,% of GDP
Argentina,Argentina,,,,,,,,,Renta personas físicas,,,2009,1.56,% del PIB,% of GDP
Argentina,Argentina,,,,,,,,,Renta personas físicas,,,2010,1.44,% del PIB,% of GDP
Argentina,Argentina,,,,,,,,,Renta personas físicas,,,2011,1.68,% del PIB,% of GDP
Argentina,Argentina,,,,,,,,,Renta personas físicas,,,2012,2.06,% del PIB,% of GDP
Argentina,Argentina,,,,,,,,,Renta personas físicas,,,2013,2.37,% del PIB,% of GDP
Argentina,Argentina,,,,,,,,,Renta personas físicas,,,2014,2.73,% del PIB,% of GDP
Argentina,Argentina,,,,,,,,,Renta personas físicas,,,2015,3.21,% del PIB,% of GDP
Argentina,Argentina,,,,,,,,,Renta utilidades personas jurídicas,,,1990,0.29,% del PIB,% of GDP
Argentina,Argentina,,,,,,,,,Renta utilidades personas jurídicas,,,1991,0,% del PIB,% of GDP
Argentina,Argentina,,,,,,,,,Renta utilidades personas jurídicas,,,1992,0.77,% del PIB,% of GDP
Argentina,Argentina,,,,,,,,,Renta utilidades personas jurídicas,,,1993,1.16,% del PIB,% of GDP
Argentina,Argentina,,,,,,,,,Renta utilidades personas jurídicas,,,1994,1.42,% del PIB,% of GDP
Argentina,Argentina,,,,,,,,,Renta utilidades personas jurídicas,,,1995,1.53,% del PIB,% of GDP
Argentina,Argentina,,,,,,,,,Renta utilidades personas jurídicas,,,1996,1.47,% del PIB,% of GDP
Argentina,Argentina,,,,,,,,,Renta utilidades personas jurídicas,,,1997,1.76,% del PIB,% of GDP
Argentina,Argentina,,,,,,,,,Renta utilidades personas jurídicas,,,1998,1.99,% del PIB,% of GDP
Argentina,Argentina,,,,,,,,,Renta utilidades personas jurídicas,,,1999,1.92,% del PIB,% of GDP
Argentina,Argentina,,,,,,,,,Renta utilidades personas jurídicas,,,2000,2.1,% del PIB,% of GDP
Argentina,Argentina,,,,,,,,,Renta utilidades personas jurídicas,,,2001,2.11,% del PIB,% of GDP
Argentina,Argentina,,,,,,,,,Renta utilidades personas jurídicas,,,2002,1.39,% del PIB,% of GDP
Argentina,Argentina,,,,,,,,,Renta utilidades personas jurídicas,,,2003,2.28,% del PIB,% of GDP
Argentina,Argentina,,,,,,,,,Renta utilidades personas jurídicas,,,2004,3.1,% del PIB,% of GDP
Argentina,Argentina,,,,,,,,,Renta utilidades personas jurídicas,,,2005,3.17,% del PIB,% of GDP
Argentina,Argentina,,,,,,,,,Renta utilidades personas jurídicas,,,2006,3.05,% del PIB,% of GDP
Argentina,Argentina,,,,,,,,,Renta utilidades personas jurídicas,,,2007,3.1,% del PIB,% of GDP
Argentina,Argentina,,,,,,,,,Renta utilidades personas jurídicas,,,2008,2.87,% del PIB,% of GDP
Argentina,Argentina,,,,,,,,,Renta utilidades personas jurídicas,,,2009,2.62,% del PIB,% of GDP
Argentina,Argentina,,,,,,,,,Renta utilidades personas jurídicas,,,2010,2.95,% del PIB,% of GDP
Argentina,Argentina,,,,,,,,,Renta utilidades personas jurídicas,,,2011,3.06,% del PIB,% of GDP
Argentina,Argentina,,,,,,,,,Renta utilidades personas jurídicas,,,2012,3.05,% del PIB,% of GDP
Argentina,Argentina,,,,,,,,,Renta utilidades personas jurídicas,,,2013,2.92,% del PIB,% of GDP
Argentina,Argentina,,,,,,,,,Renta utilidades personas jurídicas,,,2014,2.84,% del PIB,% of GDP
Argentina,Argentina,,,,,,,,,Renta utilidades personas jurídicas,,,2015,3.14,% del PIB,% of GDP
Argentina,Argentina,,,,,,,,,Selectivos,,,1990,2.71,% del PIB,% of GDP
Argentina,Argentina,,,,,,,,,Selectivos,,,1991,2.5,% del PIB,% of GDP
Argentina,Argentina,,,,,,,,,Selectivos,,,1992,2.15,% del PIB,% of GDP
Argentina,Argentina,,,,,,,,,Selectivos,,,1993,1.89,% del PIB,% of GDP
Argentina,Argentina,,,,,,,,,Selectivos,,,1994,1.78,% del PIB,% of GDP
Argentina,Argentina,,,,,,,,,Selectivos,,,1995,1.64,% del PIB,% of GDP
Argentina,Argentina,,,,,,,,,Selectivos,,,1996,1.68,% del PIB,% of GDP
Argentina,Argentina,,,,,,,,,Selectivos,,,1997,2.11,% del PIB,% of GDP
Argentina,Argentina,,,,,,,,,Selectivos,,,1998,2,% del PIB,% of GDP
Argentina,Argentina,,,,,,,,,Selectivos,,,1999,2.03,% del PIB,% of GDP
Argentina,Argentina,,,,,,,,,Selectivos,,,2000,2.06,% del PIB,% of GDP
Argentina,Argentina,,,,,,,,,Selectivos,,,2001,2.06,% del PIB,% of GDP
Argentina,Argentina,,,,,,,,,Selectivos,,,2002,2.1,% del PIB,% of GDP
Argentina,Argentina,,,,,,,,,Selectivos,,,2003,2.02,% del PIB,% of GDP
Argentina,Argentina,,,,,,,,,Selectivos,,,2004,1.84,% del PIB,% of GDP
Argentina,Argentina,,,,,,,,,Selectivos,,,2005,1.76,% del PIB,% of GDP
Argentina,Argentina,,,,,,,,,Selectivos,,,2006,1.57,% del PIB,% of GDP
Argentina,Argentina,,,,,,,,,Selectivos,,,2007,1.44,% del PIB,% of GDP
Argentina,Argentina,,,,,,,,,Selectivos,,,2008,1.4,% del PIB,% of GDP
Argentina,Argentina,,,,,,,,,Selectivos,,,2009,1.55,% del PIB,% of GDP
Argentina,Argentina,,,,,,,,,Selectivos,,,2010,1.57,% del PIB,% of GDP
Argentina,Argentina,,,,,,,,,Selectivos,,,2011,1.41,% del PIB,% of GDP
Argentina,Argentina,,,,,,,,,Selectivos,,,2012,1.55,% del PIB,% of GDP
Argentina,Argentina,,,,,,,,,Selectivos,,,2013,1.49,% del PIB,% of GDP
Argentina,Argentina,,,,,,,,,Selectivos,,,2014,1.54,% del PIB,% of GDP
Argentina,Argentina,,,,,,,,,Selectivos,,,2015,1.58,% del PIB,% of GDP
Argentina,Argentina,,,,,,,,,Tabaco,,,1990,,% del PIB,% of GDP
Argentina,Argentina,,,,,,,,,Tabaco,,,1991,,% del PIB,% of GDP
Argentina,Argentina,,,,,,,,,Tabaco,,,1992,,% del PIB,% of GDP
Argentina,Argentina,,,,,,,,,Tabaco,,,1993,,% del PIB,% of GDP
Argentina,Argentina,,,,,,,,,Tabaco,,,1994,,% del PIB,% of GDP
Argentina,Argentina,,,,,,,,,Tabaco,,,1995,,% del PIB,% of GDP
Argentina,Argentina,,,,,,,,,Tabaco,,,1996,,% del PIB,% of GDP
Argentina,Argentina,,,,,,,,,Tabaco,,,1997,0.45,% del PIB,% of GDP
Argentina,Argentina,,,,,,,,,Tabaco,,,1998,0.44,% del PIB,% of GDP
Argentina,Argentina,,,,,,,,,Tabaco,,,1999,0.47,% del PIB,% of GDP
Argentina,Argentina,,,,,,,,,Tabaco,,,2000,0.43,% del PIB,% of GDP
Argentina,Argentina,,,,,,,,,Tabaco,,,2001,0.5,% del PIB,% of GDP
Argentina,Argentina,,,,,,,,,Tabaco,,,2002,0.46,% del PIB,% of GDP
Argentina,Argentina,,,,,,,,,Tabaco,,,2003,0.47,% del PIB,% of GDP
Argentina,Argentina,,,,,,,,,Tabaco,,,2004,0.47,% del PIB,% of GDP
Argentina,Argentina,,,,,,,,,Tabaco,,,2005,0.46,% del PIB,% of GDP
Argentina,Argentina,,,,,,,,,Tabaco,,,2006,0.38,% del PIB,% of GDP
Argentina,Argentina,,,,,,,,,Tabaco,,,2007,0.34,% del PIB,% of GDP
Argentina,Argentina,,,,,,,,,Tabaco,,,2008,0.32,% del PIB,% of GDP
Argentina,Argentina,,,,,,,,,Tabaco,,,2009,0.35,% del PIB,% of GDP
Argentina,Argentina,,,,,,,,,Tabaco,,,2010,0.31,% del PIB,% of GDP
Argentina,Argentina,,,,,,,,,Tabaco,,,2011,0.29,% del PIB,% of GDP
Argentina,Argentina,,,,,,,,,Tabaco,,,2012,0.29,% del PIB,% of GDP
Argentina,Argentina,,,,,,,,,Tabaco,,,2013,0.27,% del PIB,% of GDP
Argentina,Argentina,,,,,,,,,Tabaco,,,2014,0.28,% del PIB,% of GDP
Argentina,Argentina,,,,,,,,,Tabaco,,,2015,0.33,% del PIB,% of GDP
Bahamas,The Bahamas,,,,,,,,,Alcohol,,,1990,,% del PIB,% of GDP
Bahamas,The Bahamas,,,,,,,,,Alcohol,,,1991,,% del PIB,% of GDP
Bahamas,The Bahamas,,,,,,,,,Alcohol,,,1992,,% del PIB,% of GDP
Bahamas,The Bahamas,,,,,,,,,Alcohol,,,1993,,% del PIB,% of GDP
Bahamas,The Bahamas,,,,,,,,,Alcohol,,,1994,,% del PIB,% of GDP
Bahamas,The Bahamas,,,,,,,,,Alcohol,,,1995,,% del PIB,% of GDP
Bahamas,The Bahamas,,,,,,,,,Alcohol,,,1996,,% del PIB,% of GDP
Bahamas,The Bahamas,,,,,,,,,Alcohol,,,1997,,% del PIB,% of GDP
Bahamas,The Bahamas,,,,,,,,,Alcohol,,,1998,,% del PIB,% of GDP
Bahamas,The Bahamas,,,,,,,,,Alcohol,,,1999,,% del PIB,% of GDP
Bahamas,The Bahamas,,,,,,,,,Alcohol,,,2000,,% del PIB,% of GDP
Bahamas,The Bahamas,,,,,,,,,Alcohol,,,2001,,% del PIB,% of GDP
Bahamas,The Bahamas,,,,,,,,,Alcohol,,,2002,,% del PIB,% of GDP
Bahamas,The Bahamas,,,,,,,,,Alcohol,,,2003,,% del PIB,% of GDP
Bahamas,The Bahamas,,,,,,,,,Alcohol,,,2004,,% del PIB,% of GDP
Bahamas,The Bahamas,,,,,,,,,Alcohol,,,2005,,% del PIB,% of GDP
Bahamas,The Bahamas,,,,,,,,,Alcohol,,,2006,,% del PIB,% of GDP
Bahamas,The Bahamas,,,,,,,,,Alcohol,,,2007,,% del PIB,% of GDP
Bahamas,The Bahamas,,,,,,,,,Alcohol,,,2008,,% del PIB,% of GDP
Bahamas,The Bahamas,,,,,,,,,Alcohol,,,2009,,% del PIB,% of GDP
Bahamas,The Bahamas,,,,,,,,,Alcohol,,,2010,,% del PIB,% of GDP
Bahamas,The Bahamas,,,,,,,,,Alcohol,,,2011,,% del PIB,% of GDP
Bahamas,The Bahamas,,,,,,,,,Alcohol,,,2012,,% del PIB,% of GDP
Bahamas,The Bahamas,,,,,,,,,Alcohol,,,2013,,% del PIB,% of GDP
Bahamas,The Bahamas,,,,,,,,,Alcohol,,,2014,,% del PIB,% of GDP
Bahamas,The Bahamas,,,,,,,,,Alcohol,,,2015,,% del PIB,% of GDP
Bahamas,The Bahamas,,,,,,,,,Bebidas,,,1990,,% del PIB,% of GDP
Bahamas,The Bahamas,,,,,,,,,Bebidas,,,1991,,% del PIB,% of GDP
Bahamas,The Bahamas,,,,,,,,,Bebidas,,,1992,,% del PIB,% of GDP
Bahamas,The Bahamas,,,,,,,,,Bebidas,,,1993,,% del PIB,% of GDP
Bahamas,The Bahamas,,,,,,,,,Bebidas,,,1994,,% del PIB,% of GDP
Bahamas,The Bahamas,,,,,,,,,Bebidas,,,1995,,% del PIB,% of GDP
Bahamas,The Bahamas,,,,,,,,,Bebidas,,,1996,,% del PIB,% of GDP
Bahamas,The Bahamas,,,,,,,,,Bebidas,,,1997,,% del PIB,% of GDP
Bahamas,The Bahamas,,,,,,,,,Bebidas,,,1998,,% del PIB,% of GDP
Bahamas,The Bahamas,,,,,,,,,Bebidas,,,1999,,% del PIB,% of GDP
Bahamas,The Bahamas,,,,,,,,,Bebidas,,,2000,,% del PIB,% of GDP
Bahamas,The Bahamas,,,,,,,,,Bebidas,,,2001,,% del PIB,% of GDP
Bahamas,The Bahamas,,,,,,,,,Bebidas,,,2002,,% del PIB,% of GDP
Bahamas,The Bahamas,,,,,,,,,Bebidas,,,2003,,% del PIB,% of GDP
Bahamas,The Bahamas,,,,,,,,,Bebidas,,,2004,,% del PIB,% of GDP
Bahamas,The Bahamas,,,,,,,,,Bebidas,,,2005,,% del PIB,% of GDP
Bahamas,The Bahamas,,,,,,,,,Bebidas,,,2006,,% del PIB,% of GDP
Bahamas,The Bahamas,,,,,,,,,Bebidas,,,2007,,% del PIB,% of GDP
Bahamas,The Bahamas,,,,,,,,,Bebidas,,,2008,,% del PIB,% of GDP
Bahamas,The Bahamas,,,,,,,,,Bebidas,,,2009,,% del PIB,% of GDP
Bahamas,The Bahamas,,,,,,,,,Bebidas,,,2010,,% del PIB,% of GDP
Bahamas,The Bahamas,,,,,,,,,Bebidas,,,2011,,% del PIB,% of GDP
Bahamas,The Bahamas,,,,,,,,,Bebidas,,,2012,,% del PIB,% of GDP
Bahamas,The Bahamas,,,,,,,,,Bebidas,,,2013,,% del PIB,% of GDP
Bahamas,The Bahamas,,,,,,,,,Bebidas,,,2014,,% del PIB,% of GDP
Bahamas,The Bahamas,,,,,,,,,Bebidas,,,2015,,% del PIB,% of GDP
Bahamas,The Bahamas,,,,,,,,,Presión Tributaria Equivalente (IMP+CSS),,,1990,13.27,% del PIB,% of GDP
Bahamas,The Bahamas,,,,,,,,,Presión Tributaria Equivalente (IMP+CSS),,,1991,14.99,% del PIB,% of GDP
Bahamas,The Bahamas,,,,,,,,,Presión Tributaria Equivalente (IMP+CSS),,,1992,18.87,% del PIB,% of GDP
Bahamas,The Bahamas,,,,,,,,,Presión Tributaria Equivalente (IMP+CSS),,,1993,19.37,% del PIB,% of GDP
Bahamas,The Bahamas,,,,,,,,,Presión Tributaria Equivalente (IMP+CSS),,,1994,16.45,% del PIB,% of GDP
Bahamas,The Bahamas,,,,,,,,,Presión Tributaria Equivalente (IMP+CSS),,,1995,16.29,% del PIB,% of GDP
Bahamas,The Bahamas,,,,,,,,,Presión Tributaria Equivalente (IMP+CSS),,,1996,16,% del PIB,% of GDP
Bahamas,The Bahamas,,,,,,,,,Presión Tributaria Equivalente (IMP+CSS),,,1997,16.12,% del PIB,% of GDP
Bahamas,The Bahamas,,,,,,,,,Presión Tributaria Equivalente (IMP+CSS),,,1998,16.56,% del PIB,% of GDP
Bahamas,The Bahamas,,,,,,,,,Presión Tributaria Equivalente (IMP+CSS),,,1999,15.96,% del PIB,% of GDP
Bahamas,The Bahamas,,,,,,,,,Presión Tributaria Equivalente (IMP+CSS),,,2000,16.96,% del PIB,% of GDP
Bahamas,The Bahamas,,,,,,,,,Presión Tributaria Equivalente (IMP+CSS),,,2001,16.68,% del PIB,% of GDP
Bahamas,The Bahamas,,,,,,,,,Presión Tributaria Equivalente (IMP+CSS),,,2002,14.52,% del PIB,% of GDP
Bahamas,The Bahamas,,,,,,,,,Presión Tributaria Equivalente (IMP+CSS),,,2003,14.72,% del PIB,% of GDP
Bahamas,The Bahamas,,,,,,,,,Presión Tributaria Equivalente (IMP+CSS),,,2004,15.01,% del PIB,% of GDP
Bahamas,The Bahamas,,,,,,,,,Presión Tributaria Equivalente (IMP+CSS),,,2005,15.73,% del PIB,% of GDP
Bahamas,The Bahamas,,,,,,,,,Presión Tributaria Equivalente (IMP+CSS),,,2006,17.48,% del PIB,% of GDP
Bahamas,The Bahamas,,,,,,,,,Presión Tributaria Equivalente (IMP+CSS),,,2007,18.34,% del PIB,% of GDP
Bahamas,The Bahamas,,,,,,,,,Presión Tributaria Equivalente (IMP+CSS),,,2008,19.07,% del PIB,% of GDP
Bahamas,The Bahamas,,,,,,,,,Presión Tributaria Equivalente (IMP+CSS),,,2009,18.47,% del PIB,% of GDP
Bahamas,The Bahamas,,,,,,,,,Presión Tributaria Equivalente (IMP+CSS),,,2010,18.69,% del PIB,% of GDP
Bahamas,The Bahamas,,,,,,,,,Presión Tributaria Equivalente (IMP+CSS),,,2011,20.55,% del PIB,% of GDP
Bahamas,The Bahamas,,,,,,,,,Presión Tributaria Equivalente (IMP+CSS),,,2012,20.02,% del PIB,% of GDP
Bahamas,The Bahamas,,,,,,,,,Presión Tributaria Equivalente (IMP+CSS),,,2013,18.72,% del PIB,% of GDP
Bahamas,The Bahamas,,,,,,,,,Presión Tributaria Equivalente (IMP+CSS),,,2014,19.79,% del PIB,% of GDP
Bahamas,The Bahamas,,,,,,,,,Presión Tributaria Equivalente (IMP+CSS),,,2015,22.42,% del PIB,% of GDP
Bahamas,The Bahamas,,,,,,,,,Combustibles,,,1990,,% del PIB,% of GDP
Bahamas,The Bahamas,,,,,,,,,Combustibles,,,1991,,% del PIB,% of GDP
Bahamas,The Bahamas,,,,,,,,,Combustibles,,,1992,,% del PIB,% of GDP
Bahamas,The Bahamas,,,,,,,,,Combustibles,,,1993,,% del PIB,% of GDP
Bahamas,The Bahamas,,,,,,,,,Combustibles,,,1994,,% del PIB,% of GDP
Bahamas,The Bahamas,,,,,,,,,Combustibles,,,1995,,% del PIB,% of GDP
Bahamas,The Bahamas,,,,,,,,,Combustibles,,,1996,,% del PIB,% of GDP
Bahamas,The Bahamas,,,,,,,,,Combustibles,,,1997,,% del PIB,% of GDP
Bahamas,The Bahamas,,,,,,,,,Combustibles,,,1998,,% del PIB,% of GDP
Bahamas,The Bahamas,,,,,,,,,Combustibles,,,1999,,% del PIB,% of GDP
Bahamas,The Bahamas,,,,,,,,,Combustibles,,,2000,,% del PIB,% of GDP
Bahamas,The Bahamas,,,,,,,,,Combustibles,,,2001,,% del PIB,% of GDP
Bahamas,The Bahamas,,,,,,,,,Combustibles,,,2002,,% del PIB,% of GDP
Bahamas,The Bahamas,,,,,,,,,Combustibles,,,2003,,% del PIB,% of GDP
Bahamas,The Bahamas,,,,,,,,,Combustibles,,,2004,,% del PIB,% of GDP
Bahamas,The Bahamas,,,,,,,,,Combustibles,,,2005,,% del PIB,% of GDP
Bahamas,The Bahamas,,,,,,,,,Combustibles,,,2006,,% del PIB,% of GDP
Bahamas,The Bahamas,,,,,,,,,Combustibles,,,2007,,% del PIB,% of GDP
Bahamas,The Bahamas,,,,,,,,,Combustibles,,,2008,,% del PIB,% of GDP
Bahamas,The Bahamas,,,,,,,,,Combustibles,,,2009,,% del PIB,% of GDP
Bahamas,The Bahamas,,,,,,,,,Combustibles,,,2010,,% del PIB,% of GDP
Bahamas,The Bahamas,,,,,,,,,Combustibles,,,2011,,% del PIB,% of GDP
Bahamas,The Bahamas,,,,,,,,,Combustibles,,,2012,,% del PIB,% of GDP
Bahamas,The Bahamas,,,,,,,,,Combustibles,,,2013,,% del PIB,% of GDP
Bahamas,The Bahamas,,,,,,,,,Combustibles,,,2014,,% del PIB,% of GDP
Bahamas,The Bahamas,,,,,,,,,Combustibles,,,2015,,% del PIB,% of GDP
Bahamas,The Bahamas,,,,,,,,,Contribuciones privadas obligatorias,,,1990,0,% del PIB,% of GDP
Bahamas,The Bahamas,,,,,,,,,Contribuciones privadas obligatorias,,,1991,0,% del PIB,% of GDP
Bahamas,The Bahamas,,,,,,,,,Contribuciones privadas obligatorias,,,1992,0,% del PIB,% of GDP
Bahamas,The Bahamas,,,,,,,,,Contribuciones privadas obligatorias,,,1993,0,% del PIB,% of GDP
Bahamas,The Bahamas,,,,,,,,,Contribuciones privadas obligatorias,,,1994,0,% del PIB,% of GDP
Bahamas,The Bahamas,,,,,,,,,Contribuciones privadas obligatorias,,,1995,0,% del PIB,% of GDP
Bahamas,The Bahamas,,,,,,,,,Contribuciones privadas obligatorias,,,1996,0,% del PIB,% of GDP
Bahamas,The Bahamas,,,,,,,,,Contribuciones privadas obligatorias,,,1997,0,% del PIB,% of GDP
Bahamas,The Bahamas,,,,,,,,,Contribuciones privadas obligatorias,,,1998,0,% del PIB,% of GDP
Bahamas,The Bahamas,,,,,,,,,Contribuciones privadas obligatorias,,,1999,0,% del PIB,% of GDP
Bahamas,The Bahamas,,,,,,,,,Contribuciones privadas obligatorias,,,2000,0,% del PIB,% of GDP
Bahamas,The Bahamas,,,,,,,,,Contribuciones privadas obligatorias,,,2001,0,% del PIB,% of GDP
Bahamas,The Bahamas,,,,,,,,,Contribuciones privadas obligatorias,,,2002,0,% del PIB,% of GDP
Bahamas,The Bahamas,,,,,,,,,Contribuciones privadas obligatorias,,,2003,0,% del PIB,% of GDP
Bahamas,The Bahamas,,,,,,,,,Contribuciones privadas obligatorias,,,2004,0,% del PIB,% of GDP
Bahamas,The Bahamas,,,,,,,,,Contribuciones privadas obligatorias,,,2005,0,% del PIB,% of GDP
Bahamas,The Bahamas,,,,,,,,,Contribuciones privadas obligatorias,,,2006,0,% del PIB,% of GDP
Bahamas,The Bahamas,,,,,,,,,Contribuciones privadas obligatorias,,,2007,0,% del PIB,% of GDP
Bahamas,The Bahamas,,,,,,,,,Contribuciones privadas obligatorias,,,2008,0,% del PIB,% of GDP
Bahamas,The Bahamas,,,,,,,,,Contribuciones privadas obligatorias,,,2009,0,% del PIB,% of GDP
Bahamas,The Bahamas,,,,,,,,,Contribuciones privadas obligatorias,,,2010,0,% del PIB,% of GDP
Bahamas,The Bahamas,,,,,,,,,Contribuciones privadas obligatorias,,,2011,0,% del PIB,% of GDP
Bahamas,The Bahamas,,,,,,,,,Contribuciones privadas obligatorias,,,2012,0,% del PIB,% of GDP
Bahamas,The Bahamas,,,,,,,,,Contribuciones privadas obligatorias,,,2013,0,% del PIB,% of GDP
Bahamas,The Bahamas,,,,,,,,,Contribuciones privadas obligatorias,,,2014,0,% del PIB,% of GDP
Bahamas,The Bahamas,,,,,,,,,Contribuciones privadas obligatorias,,,2015,0,% del PIB,% of GDP
Bahamas,The Bahamas,,,,,,,,,Contribuciones sociales públicas,,,1990,1.75,% del PIB,% of GDP
Bahamas,The Bahamas,,,,,,,,,Contribuciones sociales públicas,,,1991,1.95,% del PIB,% of GDP
Bahamas,The Bahamas,,,,,,,,,Contribuciones sociales públicas,,,1992,1.86,% del PIB,% of GDP
Bahamas,The Bahamas,,,,,,,,,Contribuciones sociales públicas,,,1993,2.11,% del PIB,% of GDP
Bahamas,The Bahamas,,,,,,,,,Contribuciones sociales públicas,,,1994,1.63,% del PIB,% of GDP
Bahamas,The Bahamas,,,,,,,,,Contribuciones sociales públicas,,,1995,1.61,% del PIB,% of GDP
Bahamas,The Bahamas,,,,,,,,,Contribuciones sociales públicas,,,1996,1.61,% del PIB,% of GDP
Bahamas,The Bahamas,,,,,,,,,Contribuciones sociales públicas,,,1997,1.75,% del PIB,% of GDP
Bahamas,The Bahamas,,,,,,,,,Contribuciones sociales públicas,,,1998,1.76,% del PIB,% of GDP
Bahamas,The Bahamas,,,,,,,,,Contribuciones sociales públicas,,,1999,1.83,% del PIB,% of GDP
Bahamas,The Bahamas,,,,,,,,,Contribuciones sociales públicas,,,2000,1.87,% del PIB,% of GDP
Bahamas,The Bahamas,,,,,,,,,Contribuciones sociales públicas,,,2001,1.77,% del PIB,% of GDP
Bahamas,The Bahamas,,,,,,,,,Contribuciones sociales públicas,,,2002,1.8,% del PIB,% of GDP
Bahamas,The Bahamas,,,,,,,,,Contribuciones sociales públicas,,,2003,1.75,% del PIB,% of GDP
Bahamas,The Bahamas,,,,,,,,,Contribuciones sociales públicas,,,2004,1.79,% del PIB,% of GDP
Bahamas,The Bahamas,,,,,,,,,Contribuciones sociales públicas,,,2005,1.84,% del PIB,% of GDP
Bahamas,The Bahamas,,,,,,,,,Contribuciones sociales públicas,,,2006,1.9,% del PIB,% of GDP
Bahamas,The Bahamas,,,,,,,,,Contribuciones sociales públicas,,,2007,1.91,% del PIB,% of GDP
Bahamas,The Bahamas,,,,,,,,,Contribuciones sociales públicas,,,2008,1.87,% del PIB,% of GDP
Bahamas,The Bahamas,,,,,,,,,Contribuciones sociales públicas,,,2009,1.99,% del PIB,% of GDP
Bahamas,The Bahamas,,,,,,,,,Contribuciones sociales públicas,,,2010,2.13,% del PIB,% of GDP
Bahamas,The Bahamas,,,,,,,,,Contribuciones sociales públicas,,,2011,2.41,% del PIB,% of GDP
Bahamas,The Bahamas,,,,,,,,,Contribuciones sociales públicas,,,2012,2.49,% del PIB,% of GDP
Bahamas,The Bahamas,,,,,,,,,Contribuciones sociales públicas,,,2013,2.71,% del PIB,% of GDP
Bahamas,The Bahamas,,,,,,,,,Contribuciones sociales públicas,,,2014,2.87,% del PIB,% of GDP
Bahamas,The Bahamas,,,,,,,,,Contribuciones sociales públicas,,,2015,2.98,% del PIB,% of GDP
Bahamas,The Bahamas,,,,,,,,,Gobiernos subnacionales,,,1990,0,% del PIB,% of GDP
Bahamas,The Bahamas,,,,,,,,,Gobiernos subnacionales,,,1991,0,% del PIB,% of GDP
Bahamas,The Bahamas,,,,,,,,,Gobiernos subnacionales,,,1992,0,% del PIB,% of GDP
Bahamas,The Bahamas,,,,,,,,,Gobiernos subnacionales,,,1993,0,% del PIB,% of GDP
Bahamas,The Bahamas,,,,,,,,,Gobiernos subnacionales,,,1994,0,% del PIB,% of GDP
Bahamas,The Bahamas,,,,,,,,,Gobiernos subnacionales,,,1995,0,% del PIB,% of GDP
Bahamas,The Bahamas,,,,,,,,,Gobiernos subnacionales,,,1996,0,% del PIB,% of GDP
Bahamas,The Bahamas,,,,,,,,,Gobiernos subnacionales,,,1997,0,% del PIB,% of GDP
Bahamas,The Bahamas,,,,,,,,,Gobiernos subnacionales,,,1998,0,% del PIB,% of GDP
Bahamas,The Bahamas,,,,,,,,,Gobiernos subnacionales,,,1999,0,% del PIB,% of GDP
Bahamas,The Bahamas,,,,,,,,,Gobiernos subnacionales,,,2000,0,% del PIB,% of GDP
Bahamas,The Bahamas,,,,,,,,,Gobiernos subnacionales,,,2001,0,% del PIB,% of GDP
Bahamas,The Bahamas,,,,,,,,,Gobiernos subnacionales,,,2002,0,% del PIB,% of GDP
Bahamas,The Bahamas,,,,,,,,,Gobiernos subnacionales,,,2003,0,% del PIB,% of GDP
Bahamas,The Bahamas,,,,,,,,,Gobiernos subnacionales,,,2004,0,% del PIB,% of GDP
Bahamas,The Bahamas,,,,,,,,,Gobiernos subnacionales,,,2005,0,% del PIB,% of GDP
Bahamas,The Bahamas,,,,,,,,,Gobiernos subnacionales,,,2006,0,% del PIB,% of GDP
Bahamas,The Bahamas,,,,,,,,,Gobiernos subnacionales,,,2007,0,% del PIB,% of GDP
Bahamas,The Bahamas,,,,,,,,,Gobiernos subnacionales,,,2008,0,% del PIB,% of GDP
Bahamas,The Bahamas,,,,,,,,,Gobiernos subnacionales,,,2009,0,% del PIB,% of GDP
Bahamas,The Bahamas,,,,,,,,,Gobiernos subnacionales,,,2010,0,% del PIB,% of GDP
Bahamas,The Bahamas,,,,,,,,,Gobiernos subnacionales,,,2011,0,% del PIB,% of GDP
Bahamas,The Bahamas,,,,,,,,,Gobiernos subnacionales,,,2012,0,% del PIB,% of GDP
Bahamas,The Bahamas,,,,,,,,,Gobiernos subnacionales,,,2013,0,% del PIB,% of GDP
Bahamas,The Bahamas,,,,,,,,,Gobiernos subnacionales,,,2014,0,% del PIB,% of GDP
Bahamas,The Bahamas,,,,,,,,,Gobiernos subnacionales,,,2015,0,% del PIB,% of GDP
Bahamas,The Bahamas,,,,,,,,,"Imp. sobre la renta, utilidades y ganancias de capital",,,1990,0,% del PIB,% of GDP
Bahamas,The Bahamas,,,,,,,,,"Imp. sobre la renta, utilidades y ganancias de capital",,,1991,0,% del PIB,% of GDP
Bahamas,The Bahamas,,,,,,,,,"Imp. sobre la renta, utilidades y ganancias de capital",,,1992,0,% del PIB,% of GDP
Bahamas,The Bahamas,,,,,,,,,"Imp. sobre la renta, utilidades y ganancias de capital",,,1993,0,% del PIB,% of GDP
Bahamas,The Bahamas,,,,,,,,,"Imp. sobre la renta, utilidades y ganancias de capital",,,1994,0,% del PIB,% of GDP
Bahamas,The Bahamas,,,,,,,,,"Imp. sobre la renta, utilidades y ganancias de capital",,,1995,0,% del PIB,% of GDP
Bahamas,The Bahamas,,,,,,,,,"Imp. sobre la renta, utilidades y ganancias de capital",,,1996,0,% del PIB,% of GDP
Bahamas,The Bahamas,,,,,,,,,"Imp. sobre la renta, utilidades y ganancias de capital",,,1997,0,% del PIB,% of GDP
Bahamas,The Bahamas,,,,,,,,,"Imp. sobre la renta, utilidades y ganancias de capital",,,1998,0,% del PIB,% of GDP
Bahamas,The Bahamas,,,,,,,,,"Imp. sobre la renta, utilidades y ganancias de capital",,,1999,0,% del PIB,% of GDP
Bahamas,The Bahamas,,,,,,,,,"Imp. sobre la renta, utilidades y ganancias de capital",,,2000,0,% del PIB,% of GDP
Bahamas,The Bahamas,,,,,,,,,"Imp. sobre la renta, utilidades y ganancias de capital",,,2001,0,% del PIB,% of GDP
Bahamas,The Bahamas,,,,,,,,,"Imp. sobre la renta, utilidades y ganancias de capital",,,2002,0,% del PIB,% of GDP
Bahamas,The Bahamas,,,,,,,,,"Imp. sobre la renta, utilidades y ganancias de capital",,,2003,0,% del PIB,% of GDP
Bahamas,The Bahamas,,,,,,,,,"Imp. sobre la renta, utilidades y ganancias de capital",,,2004,0,% del PIB,% of GDP
Bahamas,The Bahamas,,,,,,,,,"Imp. sobre la renta, utilidades y ganancias de capital",,,2005,0,% del PIB,% of GDP
Bahamas,The Bahamas,,,,,,,,,"Imp. sobre la renta, utilidades y ganancias de capital",,,2006,0,% del PIB,% of GDP
Bahamas,The Bahamas,,,,,,,,,"Imp. sobre la renta, utilidades y ganancias de capital",,,2007,0,% del PIB,% of GDP
Bahamas,The Bahamas,,,,,,,,,"Imp. sobre la renta, utilidades y ganancias de capital",,,2008,0,% del PIB,% of GDP
Bahamas,The Bahamas,,,,,,,,,"Imp. sobre la renta, utilidades y ganancias de capital",,,2009,0,% del PIB,% of GDP
Bahamas,The Bahamas,,,,,,,,,"Imp. sobre la renta, utilidades y ganancias de capital",,,2010,0,% del PIB,% of GDP
Bahamas,The Bahamas,,,,,,,,,"Imp. sobre la renta, utilidades y ganancias de capital",,,2011,0,% del PIB,% of GDP
Bahamas,The Bahamas,,,,,,,,,"Imp. sobre la renta, utilidades y ganancias de capital",,,2012,0,% del PIB,% of GDP
Bahamas,The Bahamas,,,,,,,,,"Imp. sobre la renta, utilidades y ganancias de capital",,,2013,0,% del PIB,% of GDP
Bahamas,The Bahamas,,,,,,,,,"Imp. sobre la renta, utilidades y ganancias de capital",,,2014,0,% del PIB,% of GDP
Bahamas,The Bahamas,,,,,,,,,"Imp. sobre la renta, utilidades y ganancias de capital",,,2015,0,% del PIB,% of GDP
Bahamas,The Bahamas,,,,,,,,,Impuestos generales consumo,,,1990,0,% del PIB,% of GDP
Bahamas,The Bahamas,,,,,,,,,Impuestos generales consumo,,,1991,0,% del PIB,% of GDP
Bahamas,The Bahamas,,,,,,,,,Impuestos generales consumo,,,1992,0,% del PIB,% of GDP
Bahamas,The Bahamas,,,,,,,,,Impuestos generales consumo,,,1993,0,% del PIB,% of GDP
Bahamas,The Bahamas,,,,,,,,,Impuestos generales consumo,,,1994,0,% del PIB,% of GDP
Bahamas,The Bahamas,,,,,,,,,Impuestos generales consumo,,,1995,0,% del PIB,% of GDP
Bahamas,The Bahamas,,,,,,,,,Impuestos generales consumo,,,1996,0,% del PIB,% of GDP
Bahamas,The Bahamas,,,,,,,,,Impuestos generales consumo,,,1997,0,% del PIB,% of GDP
Bahamas,The Bahamas,,,,,,,,,Impuestos generales consumo,,,1998,0,% del PIB,% of GDP
Bahamas,The Bahamas,,,,,,,,,Impuestos generales consumo,,,1999,0,% del PIB,% of GDP
Bahamas,The Bahamas,,,,,,,,,Impuestos generales consumo,,,2000,0,% del PIB,% of GDP
Bahamas,The Bahamas,,,,,,,,,Impuestos generales consumo,,,2001,0,% del PIB,% of GDP
Bahamas,The Bahamas,,,,,,,,,Impuestos generales consumo,,,2002,0,% del PIB,% of GDP
Bahamas,The Bahamas,,,,,,,,,Impuestos generales consumo,,,2003,0,% del PIB,% of GDP
Bahamas,The Bahamas,,,,,,,,,Impuestos generales consumo,,,2004,0,% del PIB,% of GDP
Bahamas,The Bahamas,,,,,,,,,Impuestos generales consumo,,,2005,0,% del PIB,% of GDP
Bahamas,The Bahamas,,,,,,,,,Impuestos generales consumo,,,2006,0,% del PIB,% of GDP
Bahamas,The Bahamas,,,,,,,,,Impuestos generales consumo,,,2007,0,% del PIB,% of GDP
Bahamas,The Bahamas,,,,,,,,,Impuestos generales consumo,,,2008,0,% del PIB,% of GDP
Bahamas,The Bahamas,,,,,,,,,Impuestos generales consumo,,,2009,0,% del PIB,% of GDP
Bahamas,The Bahamas,,,,,,,,,Impuestos generales consumo,,,2010,0,% del PIB,% of GDP
Bahamas,The Bahamas,,,,,,,,,Impuestos generales consumo,,,2011,0,% del PIB,% of GDP
Bahamas,The Bahamas,,,,,,,,,Impuestos generales consumo,,,2012,0,% del PIB,% of GDP
Bahamas,The Bahamas,,,,,,,,,Impuestos generales consumo,,,2013,0,% del PIB,% of GDP
Bahamas,The Bahamas,,,,,,,,,Impuestos generales consumo,,,2014,0,% del PIB,% of GDP
Bahamas,The Bahamas,,,,,,,,,Impuestos generales consumo,,,2015,2.5,% del PIB,% of GDP
Bahamas,The Bahamas,,,,,,,,,Impuestos propiedad,,,1990,0.51,% del PIB,% of GDP
Bahamas,The Bahamas,,,,,,,,,Impuestos propiedad,,,1991,0.61,% del PIB,% of GDP
Bahamas,The Bahamas,,,,,,,,,Impuestos propiedad,,,1992,0.52,% del PIB,% of GDP
Bahamas,The Bahamas,,,,,,,,,Impuestos propiedad,,,1993,0.63,% del PIB,% of GDP
Bahamas,The Bahamas,,,,,,,,,Impuestos propiedad,,,1994,0.53,% del PIB,% of GDP
Bahamas,The Bahamas,,,,,,,,,Impuestos propiedad,,,1995,0.4,% del PIB,% of GDP
Bahamas,The Bahamas,,,,,,,,,Impuestos propiedad,,,1996,0.54,% del PIB,% of GDP
Bahamas,The Bahamas,,,,,,,,,Impuestos propiedad,,,1997,0.6,% del PIB,% of GDP
Bahamas,The Bahamas,,,,,,,,,Impuestos propiedad,,,1998,0.56,% del PIB,% of GDP
Bahamas,The Bahamas,,,,,,,,,Impuestos propiedad,,,1999,0.52,% del PIB,% of GDP
Bahamas,The Bahamas,,,,,,,,,Impuestos propiedad,,,2000,0.51,% del PIB,% of GDP
Bahamas,The Bahamas,,,,,,,,,Impuestos propiedad,,,2001,0.52,% del PIB,% of GDP
Bahamas,The Bahamas,,,,,,,,,Impuestos propiedad,,,2002,0.49,% del PIB,% of GDP
Bahamas,The Bahamas,,,,,,,,,Impuestos propiedad,,,2003,0.53,% del PIB,% of GDP
Bahamas,The Bahamas,,,,,,,,,Impuestos propiedad,,,2004,0.54,% del PIB,% of GDP
Bahamas,The Bahamas,,,,,,,,,Impuestos propiedad,,,2005,0.73,% del PIB,% of GDP
Bahamas,The Bahamas,,,,,,,,,Impuestos propiedad,,,2006,0.69,% del PIB,% of GDP
Bahamas,The Bahamas,,,,,,,,,Impuestos propiedad,,,2007,0.97,% del PIB,% of GDP
Bahamas,The Bahamas,,,,,,,,,Impuestos propiedad,,,2008,0.88,% del PIB,% of GDP
Bahamas,The Bahamas,,,,,,,,,Impuestos propiedad,,,2009,1.05,% del PIB,% of GDP
Bahamas,The Bahamas,,,,,,,,,Impuestos propiedad,,,2010,1.17,% del PIB,% of GDP
Bahamas,The Bahamas,,,,,,,,,Impuestos propiedad,,,2011,1.17,% del PIB,% of GDP
Bahamas,The Bahamas,,,,,,,,,Impuestos propiedad,,,2012,1.17,% del PIB,% of GDP
Bahamas,The Bahamas,,,,,,,,,Impuestos propiedad,,,2013,1.36,% del PIB,% of GDP
Bahamas,The Bahamas,,,,,,,,,Impuestos propiedad,,,2014,1.21,% del PIB,% of GDP
Bahamas,The Bahamas,,,,,,,,,Impuestos propiedad,,,2015,1.22,% del PIB,% of GDP
Bahamas,The Bahamas,,,,,,,,,Ingresos Impositivos Totales (IMP) (Nac+Subnac),,,1990,11.53,% del PIB,% of GDP
Bahamas,The Bahamas,,,,,,,,,Ingresos Impositivos Totales (IMP) (Nac+Subnac),,,1991,13.04,% del PIB,% of GDP
Bahamas,The Bahamas,,,,,,,,,Ingresos Impositivos Totales (IMP) (Nac+Subnac),,,1992,17.01,% del PIB,% of GDP
Bahamas,The Bahamas,,,,,,,,,Ingresos Impositivos Totales (IMP) (Nac+Subnac),,,1993,17.25,% del PIB,% of GDP
Bahamas,The Bahamas,,,,,,,,,Ingresos Impositivos Totales (IMP) (Nac+Subnac),,,1994,14.83,% del PIB,% of GDP
Bahamas,The Bahamas,,,,,,,,,Ingresos Impositivos Totales (IMP) (Nac+Subnac),,,1995,14.68,% del PIB,% of GDP
Bahamas,The Bahamas,,,,,,,,,Ingresos Impositivos Totales (IMP) (Nac+Subnac),,,1996,14.39,% del PIB,% of GDP
Bahamas,The Bahamas,,,,,,,,,Ingresos Impositivos Totales (IMP) (Nac+Subnac),,,1997,14.36,% del PIB,% of GDP
Bahamas,The Bahamas,,,,,,,,,Ingresos Impositivos Totales (IMP) (Nac+Subnac),,,1998,14.79,% del PIB,% of GDP
Bahamas,The Bahamas,,,,,,,,,Ingresos Impositivos Totales (IMP) (Nac+Subnac),,,1999,14.13,% del PIB,% of GDP
Bahamas,The Bahamas,,,,,,,,,Ingresos Impositivos Totales (IMP) (Nac+Subnac),,,2000,15.09,% del PIB,% of GDP
Bahamas,The Bahamas,,,,,,,,,Ingresos Impositivos Totales (IMP) (Nac+Subnac),,,2001,14.91,% del PIB,% of GDP
Bahamas,The Bahamas,,,,,,,,,Ingresos Impositivos Totales (IMP) (Nac+Subnac),,,2002,12.72,% del PIB,% of GDP
Bahamas,The Bahamas,,,,,,,,,Ingresos Impositivos Totales (IMP) (Nac+Subnac),,,2003,12.97,% del PIB,% of GDP
Bahamas,The Bahamas,,,,,,,,,Ingresos Impositivos Totales (IMP) (Nac+Subnac),,,2004,13.22,% del PIB,% of GDP
Bahamas,The Bahamas,,,,,,,,,Ingresos Impositivos Totales (IMP) (Nac+Subnac),,,2005,13.9,% del PIB,% of GDP
Bahamas,The Bahamas,,,,,,,,,Ingresos Impositivos Totales (IMP) (Nac+Subnac),,,2006,15.57,% del PIB,% of GDP
Bahamas,The Bahamas,,,,,,,,,Ingresos Impositivos Totales (IMP) (Nac+Subnac),,,2007,16.43,% del PIB,% of GDP
Bahamas,The Bahamas,,,,,,,,,Ingresos Impositivos Totales (IMP) (Nac+Subnac),,,2008,17.19,% del PIB,% of GDP
Bahamas,The Bahamas,,,,,,,,,Ingresos Impositivos Totales (IMP) (Nac+Subnac),,,2009,16.48,% del PIB,% of GDP
Bahamas,The Bahamas,,,,,,,,,Ingresos Impositivos Totales (IMP) (Nac+Subnac),,,2010,16.56,% del PIB,% of GDP
Bahamas,The Bahamas,,,,,,,,,Ingresos Impositivos Totales (IMP) (Nac+Subnac),,,2011,18.14,% del PIB,% of GDP
Bahamas,The Bahamas,,,,,,,,,Ingresos Impositivos Totales (IMP) (Nac+Subnac),,,2012,17.53,% del PIB,% of GDP
Bahamas,The Bahamas,,,,,,,,,Ingresos Impositivos Totales (IMP) (Nac+Subnac),,,2013,16.01,% del PIB,% of GDP
Bahamas,The Bahamas,,,,,,,,,Ingresos Impositivos Totales (IMP) (Nac+Subnac),,,2014,16.92,% del PIB,% of GDP
Bahamas,The Bahamas,,,,,,,,,Ingresos Impositivos Totales (IMP) (Nac+Subnac),,,2015,19.44,% del PIB,% of GDP
Bahamas,The Bahamas,,,,,,,,,IVA,,,1990,0,% del PIB,% of GDP
Bahamas,The Bahamas,,,,,,,,,IVA,,,1991,0,% del PIB,% of GDP
Bahamas,The Bahamas,,,,,,,,,IVA,,,1992,0,% del PIB,% of GDP
Bahamas,The Bahamas,,,,,,,,,IVA,,,1993,0,% del PIB,% of GDP
Bahamas,The Bahamas,,,,,,,,,IVA,,,1994,0,% del PIB,% of GDP
Bahamas,The Bahamas,,,,,,,,,IVA,,,1995,0,% del PIB,% of GDP
Bahamas,The Bahamas,,,,,,,,,IVA,,,1996,0,% del PIB,% of GDP
Bahamas,The Bahamas,,,,,,,,,IVA,,,1997,0,% del PIB,% of GDP
Bahamas,The Bahamas,,,,,,,,,IVA,,,1998,0,% del PIB,% of GDP
Bahamas,The Bahamas,,,,,,,,,IVA,,,1999,0,% del PIB,% of GDP
Bahamas,The Bahamas,,,,,,,,,IVA,,,2000,0,% del PIB,% of GDP
Bahamas,The Bahamas,,,,,,,,,IVA,,,2001,0,% del PIB,% of GDP
Bahamas,The Bahamas,,,,,,,,,IVA,,,2002,0,% del PIB,% of GDP
Bahamas,The Bahamas,,,,,,,,,IVA,,,2003,0,% del PIB,% of GDP
Bahamas,The Bahamas,,,,,,,,,IVA,,,2004,0,% del PIB,% of GDP
Bahamas,The Bahamas,,,,,,,,,IVA,,,2005,0,% del PIB,% of GDP
Bahamas,The Bahamas,,,,,,,,,IVA,,,2006,0,% del PIB,% of GDP
Bahamas,The Bahamas,,,,,,,,,IVA,,,2007,0,% del PIB,% of GDP
Bahamas,The Bahamas,,,,,,,,,IVA,,,2008,0,% del PIB,% of GDP
Bahamas,The Bahamas,,,,,,,,,IVA,,,2009,0,% del PIB,% of GDP
Bahamas,The Bahamas,,,,,,,,,IVA,,,2010,0,% del PIB,% of GDP
Bahamas,The Bahamas,,,,,,,,,IVA,,,2011,0,% del PIB,% of GDP
Bahamas,The Bahamas,,,,,,,,,IVA,,,2012,0,% del PIB,% of GDP
Bahamas,The Bahamas,,,,,,,,,IVA,,,2013,0,% del PIB,% of GDP
Bahamas,The Bahamas,,,,,,,,,IVA,,,2014,0,% del PIB,% of GDP
Bahamas,The Bahamas,,,,,,,,,IVA,,,2015,2.5,% del PIB,% of GDP
Bahamas,The Bahamas,,,,,,,,,Presión Fiscal Equivalente (RND+CSS+IMP),,,1990,13.27,% del PIB,% of GDP
Bahamas,The Bahamas,,,,,,,,,Presión Fiscal Equivalente (RND+CSS+IMP),,,1991,14.99,% del PIB,% of GDP
Bahamas,The Bahamas,,,,,,,,,Presión Fiscal Equivalente (RND+CSS+IMP),,,1992,18.87,% del PIB,% of GDP
Bahamas,The Bahamas,,,,,,,,,Presión Fiscal Equivalente (RND+CSS+IMP),,,1993,19.37,% del PIB,% of GDP
Bahamas,The Bahamas,,,,,,,,,Presión Fiscal Equivalente (RND+CSS+IMP),,,1994,16.45,% del PIB,% of GDP
Bahamas,The Bahamas,,,,,,,,,Presión Fiscal Equivalente (RND+CSS+IMP),,,1995,16.29,% del PIB,% of GDP
Bahamas,The Bahamas,,,,,,,,,Presión Fiscal Equivalente (RND+CSS+IMP),,,1996,16,% del PIB,% of GDP
Bahamas,The Bahamas,,,,,,,,,Presión Fiscal Equivalente (RND+CSS+IMP),,,1997,16.12,% del PIB,% of GDP
Bahamas,The Bahamas,,,,,,,,,Presión Fiscal Equivalente (RND+CSS+IMP),,,1998,16.56,% del PIB,% of GDP
Bahamas,The Bahamas,,,,,,,,,Presión Fiscal Equivalente (RND+CSS+IMP),,,1999,15.96,% del PIB,% of GDP
Bahamas,The Bahamas,,,,,,,,,Presión Fiscal Equivalente (RND+CSS+IMP),,,2000,16.96,% del PIB,% of GDP
Bahamas,The Bahamas,,,,,,,,,Presión Fiscal Equivalente (RND+CSS+IMP),,,2001,16.68,% del PIB,% of GDP
Bahamas,The Bahamas,,,,,,,,,Presión Fiscal Equivalente (RND+CSS+IMP),,,2002,14.52,% del PIB,% of GDP
Bahamas,The Bahamas,,,,,,,,,Presión Fiscal Equivalente (RND+CSS+IMP),,,2003,14.72,% del PIB,% of GDP
Bahamas,The Bahamas,,,,,,,,,Presión Fiscal Equivalente (RND+CSS+IMP),,,2004,15.01,% del PIB,% of GDP
Bahamas,The Bahamas,,,,,,,,,Presión Fiscal Equivalente (RND+CSS+IMP),,,2005,15.73,% del PIB,% of GDP
Bahamas,The Bahamas,,,,,,,,,Presión Fiscal Equivalente (RND+CSS+IMP),,,2006,17.48,% del PIB,% of GDP
Bahamas,The Bahamas,,,,,,,,,Presión Fiscal Equivalente (RND+CSS+IMP),,,2007,18.34,% del PIB,% of GDP
Bahamas,The Bahamas,,,,,,,,,Presión Fiscal Equivalente (RND+CSS+IMP),,,2008,19.07,% del PIB,% of GDP
Bahamas,The Bahamas,,,,,,,,,Presión Fiscal Equivalente (RND+CSS+IMP),,,2009,18.47,% del PIB,% of GDP
Bahamas,The Bahamas,,,,,,,,,Presión Fiscal Equivalente (RND+CSS+IMP),,,2010,18.69,% del PIB,% of GDP
Bahamas,The Bahamas,,,,,,,,,Presión Fiscal Equivalente (RND+CSS+IMP),,,2011,20.55,% del PIB,% of GDP
Bahamas,The Bahamas,,,,,,,,,Presión Fiscal Equivalente (RND+CSS+IMP),,,2012,20.02,% del PIB,% of GDP
Bahamas,The Bahamas,,,,,,,,,Presión Fiscal Equivalente (RND+CSS+IMP),,,2013,18.72,% del PIB,% of GDP
Bahamas,The Bahamas,,,,,,,,,Presión Fiscal Equivalente (RND+CSS+IMP),,,2014,19.79,% del PIB,% of GDP
Bahamas,The Bahamas,,,,,,,,,Presión Fiscal Equivalente (RND+CSS+IMP),,,2015,22.42,% del PIB,% of GDP
Bahamas,The Bahamas,,,,,,,,,Recursos Naturales Disponibles (RND),,,1990,0,% del PIB,% of GDP
Bahamas,The Bahamas,,,,,,,,,Recursos Naturales Disponibles (RND),,,1991,0,% del PIB,% of GDP
Bahamas,The Bahamas,,,,,,,,,Recursos Naturales Disponibles (RND),,,1992,0,% del PIB,% of GDP
Bahamas,The Bahamas,,,,,,,,,Recursos Naturales Disponibles (RND),,,1993,0,% del PIB,% of GDP
Bahamas,The Bahamas,,,,,,,,,Recursos Naturales Disponibles (RND),,,1994,0,% del PIB,% of GDP
Bahamas,The Bahamas,,,,,,,,,Recursos Naturales Disponibles (RND),,,1995,0,% del PIB,% of GDP
Bahamas,The Bahamas,,,,,,,,,Recursos Naturales Disponibles (RND),,,1996,0,% del PIB,% of GDP
Bahamas,The Bahamas,,,,,,,,,Recursos Naturales Disponibles (RND),,,1997,0,% del PIB,% of GDP
Bahamas,The Bahamas,,,,,,,,,Recursos Naturales Disponibles (RND),,,1998,0,% del PIB,% of GDP
Bahamas,The Bahamas,,,,,,,,,Recursos Naturales Disponibles (RND),,,1999,0,% del PIB,% of GDP
Bahamas,The Bahamas,,,,,,,,,Recursos Naturales Disponibles (RND),,,2000,0,% del PIB,% of GDP
Bahamas,The Bahamas,,,,,,,,,Recursos Naturales Disponibles (RND),,,2001,0,% del PIB,% of GDP
Bahamas,The Bahamas,,,,,,,,,Recursos Naturales Disponibles (RND),,,2002,0,% del PIB,% of GDP
Bahamas,The Bahamas,,,,,,,,,Recursos Naturales Disponibles (RND),,,2003,0,% del PIB,% of GDP
Bahamas,The Bahamas,,,,,,,,,Recursos Naturales Disponibles (RND),,,2004,0,% del PIB,% of GDP
Bahamas,The Bahamas,,,,,,,,,Recursos Naturales Disponibles (RND),,,2005,0,% del PIB,% of GDP
Bahamas,The Bahamas,,,,,,,,,Recursos Naturales Disponibles (RND),,,2006,0,% del PIB,% of GDP
Bahamas,The Bahamas,,,,,,,,,Recursos Naturales Disponibles (RND),,,2007,0,% del PIB,% of GDP
Bahamas,The Bahamas,,,,,,,,,Recursos Naturales Disponibles (RND),,,2008,0,% del PIB,% of GDP
Bahamas,The Bahamas,,,,,,,,,Recursos Naturales Disponibles (RND),,,2009,0,% del PIB,% of GDP
Bahamas,The Bahamas,,,,,,,,,Recursos Naturales Disponibles (RND),,,2010,0,% del PIB,% of GDP
Bahamas,The Bahamas,,,,,,,,,Recursos Naturales Disponibles (RND),,,2011,0,% del PIB,% of GDP
Bahamas,The Bahamas,,,,,,,,,Recursos Naturales Disponibles (RND),,,2012,0,% del PIB,% of GDP
Bahamas,The Bahamas,,,,,,,,,Recursos Naturales Disponibles (RND),,,2013,0,% del PIB,% of GDP
Bahamas,The Bahamas,,,,,,,,,Recursos Naturales Disponibles (RND),,,2014,0,% del PIB,% of GDP
Bahamas,The Bahamas,,,,,,,,,Recursos Naturales Disponibles (RND),,,2015,0,% del PIB,% of GDP
Bahamas,The Bahamas,,,,,,,,,Renta personas físicas,,,1990,0,% del PIB,% of GDP
Bahamas,The Bahamas,,,,,,,,,Renta personas físicas,,,1991,0,% del PIB,% of GDP
Bahamas,The Bahamas,,,,,,,,,Renta personas físicas,,,1992,0,% del PIB,% of GDP
Bahamas,The Bahamas,,,,,,,,,Renta personas físicas,,,1993,0,% del PIB,% of GDP
Bahamas,The Bahamas,,,,,,,,,Renta personas físicas,,,1994,0,% del PIB,% of GDP
Bahamas,The Bahamas,,,,,,,,,Renta personas físicas,,,1995,0,% del PIB,% of GDP
Bahamas,The Bahamas,,,,,,,,,Renta personas físicas,,,1996,0,% del PIB,% of GDP
Bahamas,The Bahamas,,,,,,,,,Renta personas físicas,,,1997,0,% del PIB,% of GDP
Bahamas,The Bahamas,,,,,,,,,Renta personas físicas,,,1998,0,% del PIB,% of GDP
Bahamas,The Bahamas,,,,,,,,,Renta personas físicas,,,1999,0,% del PIB,% of GDP
Bahamas,The Bahamas,,,,,,,,,Renta personas físicas,,,2000,0,% del PIB,% of GDP
Bahamas,The Bahamas,,,,,,,,,Renta personas físicas,,,2001,0,% del PIB,% of GDP
Bahamas,The Bahamas,,,,,,,,,Renta personas físicas,,,2002,0,% del PIB,% of GDP
Bahamas,The Bahamas,,,,,,,,,Renta personas físicas,,,2003,0,% del PIB,% of GDP
Bahamas,The Bahamas,,,,,,,,,Renta personas físicas,,,2004,0,% del PIB,% of GDP
Bahamas,The Bahamas,,,,,,,,,Renta personas físicas,,,2005,0,% del PIB,% of GDP
Bahamas,The Bahamas,,,,,,,,,Renta personas físicas,,,2006,0,% del PIB,% of GDP
Bahamas,The Bahamas,,,,,,,,,Renta personas físicas,,,2007,0,% del PIB,% of GDP
Bahamas,The Bahamas,,,,,,,,,Renta personas físicas,,,2008,0,% del PIB,% of GDP
Bahamas,The Bahamas,,,,,,,,,Renta personas físicas,,,2009,0,% del PIB,% of GDP
Bahamas,The Bahamas,,,,,,,,,Renta personas físicas,,,2010,0,% del PIB,% of GDP
Bahamas,The Bahamas,,,,,,,,,Renta personas físicas,,,2011,0,% del PIB,% of GDP
Bahamas,The Bahamas,,,,,,,,,Renta personas físicas,,,2012,0,% del PIB,% of GDP
Bahamas,The Bahamas,,,,,,,,,Renta personas físicas,,,2013,0,% del PIB,% of GDP
Bahamas,The Bahamas,,,,,,,,,Renta personas físicas,,,2014,0,% del PIB,% of GDP
Bahamas,The Bahamas,,,,,,,,,Renta personas físicas,,,2015,0,% del PIB,% of GDP
Bahamas,The Bahamas,,,,,,,,,Renta utilidades personas jurídicas,,,1990,0,% del PIB,% of GDP
Bahamas,The Bahamas,,,,,,,,,Renta utilidades personas jurídicas,,,1991,0,% del PIB,% of GDP
Bahamas,The Bahamas,,,,,,,,,Renta utilidades personas jurídicas,,,1992,0,% del PIB,% of GDP
Bahamas,The Bahamas,,,,,,,,,Renta utilidades personas jurídicas,,,1993,0,% del PIB,% of GDP
Bahamas,The Bahamas,,,,,,,,,Renta utilidades personas jurídicas,,,1994,0,% del PIB,% of GDP
Bahamas,The Bahamas,,,,,,,,,Renta utilidades personas jurídicas,,,1995,0,% del PIB,% of GDP
Bahamas,The Bahamas,,,,,,,,,Renta utilidades personas jurídicas,,,1996,0,% del PIB,% of GDP
Bahamas,The Bahamas,,,,,,,,,Renta utilidades personas jurídicas,,,1997,0,% del PIB,% of GDP
Bahamas,The Bahamas,,,,,,,,,Renta utilidades personas jurídicas,,,1998,0,% del PIB,% of GDP
Bahamas,The Bahamas,,,,,,,,,Renta utilidades personas jurídicas,,,1999,0,% del PIB,% of GDP
Bahamas,The Bahamas,,,,,,,,,Renta utilidades personas jurídicas,,,2000,0,% del PIB,% of GDP
Bahamas,The Bahamas,,,,,,,,,Renta utilidades personas jurídicas,,,2001,0,% del PIB,% of GDP
Bahamas,The Bahamas,,,,,,,,,Renta utilidades personas jurídicas,,,2002,0,% del PIB,% of GDP
Bahamas,The Bahamas,,,,,,,,,Renta utilidades personas jurídicas,,,2003,0,% del PIB,% of GDP
Bahamas,The Bahamas,,,,,,,,,Renta utilidades personas jurídicas,,,2004,0,% del PIB,% of GDP
Bahamas,The Bahamas,,,,,,,,,Renta utilidades personas jurídicas,,,2005,0,% del PIB,% of GDP
Bahamas,The Bahamas,,,,,,,,,Renta utilidades personas jurídicas,,,2006,0,% del PIB,% of GDP
Bahamas,The Bahamas,,,,,,,,,Renta utilidades personas jurídicas,,,2007,0,% del PIB,% of GDP
Bahamas,The Bahamas,,,,,,,,,Renta utilidades personas jurídicas,,,2008,0,% del PIB,% of GDP
Bahamas,The Bahamas,,,,,,,,,Renta utilidades personas jurídicas,,,2009,0,% del PIB,% of GDP
Bahamas,The Bahamas,,,,,,,,,Renta utilidades personas jurídicas,,,2010,0,% del PIB,% of GDP
Bahamas,The Bahamas,,,,,,,,,Renta utilidades personas jurídicas,,,2011,0,% del PIB,% of GDP
Bahamas,The Bahamas,,,,,,,,,Renta utilidades personas jurídicas,,,2012,0,% del PIB,% of GDP
Bahamas,The Bahamas,,,,,,,,,Renta utilidades personas jurídicas,,,2013,0,% del PIB,% of GDP
Bahamas,The Bahamas,,,,,,,,,Renta utilidades personas jurídicas,,,2014,0,% del PIB,% of GDP
Bahamas,The Bahamas,,,,,,,,,Renta utilidades personas jurídicas,,,2015,0,% del PIB,% of GDP
Bahamas,The Bahamas,,,,,,,,,Selectivos,,,1990,,% del PIB,% of GDP
Bahamas,The Bahamas,,,,,,,,,Selectivos,,,1991,,% del PIB,% of GDP
Bahamas,The Bahamas,,,,,,,,,Selectivos,,,1992,,% del PIB,% of GDP
Bahamas,The Bahamas,,,,,,,,,Selectivos,,,1993,,% del PIB,% of GDP
Bahamas,The Bahamas,,,,,,,,,Selectivos,,,1994,,% del PIB,% of GDP
Bahamas,The Bahamas,,,,,,,,,Selectivos,,,1995,,% del PIB,% of GDP
Bahamas,The Bahamas,,,,,,,,,Selectivos,,,1996,,% del PIB,% of GDP
Bahamas,The Bahamas,,,,,,,,,Selectivos,,,1997,,% del PIB,% of GDP
Bahamas,The Bahamas,,,,,,,,,Selectivos,,,1998,,% del PIB,% of GDP
Bahamas,The Bahamas,,,,,,,,,Selectivos,,,1999,,% del PIB,% of GDP
Bahamas,The Bahamas,,,,,,,,,Selectivos,,,2000,,% del PIB,% of GDP
Bahamas,The Bahamas,,,,,,,,,Selectivos,,,2001,,% del PIB,% of GDP
Bahamas,The Bahamas,,,,,,,,,Selectivos,,,2002,,% del PIB,% of GDP
Bahamas,The Bahamas,,,,,,,,,Selectivos,,,2003,,% del PIB,% of GDP
Bahamas,The Bahamas,,,,,,,,,Selectivos,,,2004,,% del PIB,% of GDP
Bahamas,The Bahamas,,,,,,,,,Selectivos,,,2005,,% del PIB,% of GDP
Bahamas,The Bahamas,,,,,,,,,Selectivos,,,2006,,% del PIB,% of GDP
Bahamas,The Bahamas,,,,,,,,,Selectivos,,,2007,,% del PIB,% of GDP
Bahamas,The Bahamas,,,,,,,,,Selectivos,,,2008,,% del PIB,% of GDP
Bahamas,The Bahamas,,,,,,,,,Selectivos,,,2009,2.33,% del PIB,% of GDP
Bahamas,The Bahamas,,,,,,,,,Selectivos,,,2010,2.4,% del PIB,% of GDP
Bahamas,The Bahamas,,,,,,,,,Selectivos,,,2011,3.21,% del PIB,% of GDP
Bahamas,The Bahamas,,,,,,,,,Selectivos,,,2012,4.07,% del PIB,% of GDP
Bahamas,The Bahamas,,,,,,,,,Selectivos,,,2013,2.91,% del PIB,% of GDP
Bahamas,The Bahamas,,,,,,,,,Selectivos,,,2014,2.9,% del PIB,% of GDP
Bahamas,The Bahamas,,,,,,,,,Selectivos,,,2015,3,% del PIB,% of GDP
Bahamas,The Bahamas,,,,,,,,,Tabaco,,,1990,,% del PIB,% of GDP
Bahamas,The Bahamas,,,,,,,,,Tabaco,,,1991,,% del PIB,% of GDP
Bahamas,The Bahamas,,,,,,,,,Tabaco,,,1992,,% del PIB,% of GDP
Bahamas,The Bahamas,,,,,,,,,Tabaco,,,1993,,% del PIB,% of GDP
Bahamas,The Bahamas,,,,,,,,,Tabaco,,,1994,,% del PIB,% of GDP
Bahamas,The Bahamas,,,,,,,,,Tabaco,,,1995,,% del PIB,% of GDP
Bahamas,The Bahamas,,,,,,,,,Tabaco,,,1996,,% del PIB,% of GDP
Bahamas,The Bahamas,,,,,,,,,Tabaco,,,1997,,% del PIB,% of GDP
Bahamas,The Bahamas,,,,,,,,,Tabaco,,,1998,,% del PIB,% of GDP
Bahamas,The Bahamas,,,,,,,,,Tabaco,,,1999,,% del PIB,% of GDP
Bahamas,The Bahamas,,,,,,,,,Tabaco,,,2000,,% del PIB,% of GDP
Bahamas,The Bahamas,,,,,,,,,Tabaco,,,2001,,% del PIB,% of GDP
Bahamas,The Bahamas,,,,,,,,,Tabaco,,,2002,,% del PIB,% of GDP
Bahamas,The Bahamas,,,,,,,,,Tabaco,,,2003,,% del PIB,% of GDP
Bahamas,The Bahamas,,,,,,,,,Tabaco,,,2004,,% del PIB,% of GDP
Bahamas,The Bahamas,,,,,,,,,Tabaco,,,2005,,% del PIB,% of GDP
Bahamas,The Bahamas,,,,,,,,,Tabaco,,,2006,,% del PIB,% of GDP
Bahamas,The Bahamas,,,,,,,,,Tabaco,,,2007,,% del PIB,% of GDP
Bahamas,The Bahamas,,,,,,,,,Tabaco,,,2008,,% del PIB,% of GDP
Bahamas,The Bahamas,,,,,,,,,Tabaco,,,2009,,% del PIB,% of GDP
Bahamas,The Bahamas,,,,,,,,,Tabaco,,,2010,,% del PIB,% of GDP
Bahamas,The Bahamas,,,,,,,,,Tabaco,,,2011,,% del PIB,% of GDP
Bahamas,The Bahamas,,,,,,,,,Tabaco,,,2012,,% del PIB,% of GDP
Bahamas,The Bahamas,,,,,,,,,Tabaco,,,2013,,% del PIB,% of GDP
Bahamas,The Bahamas,,,,,,,,,Tabaco,,,2014,,% del PIB,% of GDP
Bahamas,The Bahamas,,,,,,,,,Tabaco,,,2015,,% del PIB,% of GDP
Barbados,Barbados,,,,,,,,,Alcohol,,,1990,,% del PIB,% of GDP
Barbados,Barbados,,,,,,,,,Alcohol,,,1991,,% del PIB,% of GDP
Barbados,Barbados,,,,,,,,,Alcohol,,,1992,,% del PIB,% of GDP
Barbados,Barbados,,,,,,,,,Alcohol,,,1993,,% del PIB,% of GDP
Barbados,Barbados,,,,,,,,,Alcohol,,,1994,,% del PIB,% of GDP
Barbados,Barbados,,,,,,,,,Alcohol,,,1995,,% del PIB,% of GDP
Barbados,Barbados,,,,,,,,,Alcohol,,,1996,,% del PIB,% of GDP
Barbados,Barbados,,,,,,,,,Alcohol,,,1997,,% del PIB,% of GDP
Barbados,Barbados,,,,,,,,,Alcohol,,,1998,,% del PIB,% of GDP
Barbados,Barbados,,,,,,,,,Alcohol,,,1999,,% del PIB,% of GDP
Barbados,Barbados,,,,,,,,,Alcohol,,,2000,,% del PIB,% of GDP
Barbados,Barbados,,,,,,,,,Alcohol,,,2001,,% del PIB,% of GDP
Barbados,Barbados,,,,,,,,,Alcohol,,,2002,,% del PIB,% of GDP
Barbados,Barbados,,,,,,,,,Alcohol,,,2003,,% del PIB,% of GDP
Barbados,Barbados,,,,,,,,,Alcohol,,,2004,,% del PIB,% of GDP
Barbados,Barbados,,,,,,,,,Alcohol,,,2005,,% del PIB,% of GDP
Barbados,Barbados,,,,,,,,,Alcohol,,,2006,,% del PIB,% of GDP
Barbados,Barbados,,,,,,,,,Alcohol,,,2007,,% del PIB,% of GDP
Barbados,Barbados,,,,,,,,,Alcohol,,,2008,,% del PIB,% of GDP
Barbados,Barbados,,,,,,,,,Alcohol,,,2009,,% del PIB,% of GDP
Barbados,Barbados,,,,,,,,,Alcohol,,,2010,,% del PIB,% of GDP
Barbados,Barbados,,,,,,,,,Alcohol,,,2011,,% del PIB,% of GDP
Barbados,Barbados,,,,,,,,,Alcohol,,,2012,,% del PIB,% of GDP
Barbados,Barbados,,,,,,,,,Alcohol,,,2013,,% del PIB,% of GDP
Barbados,Barbados,,,,,,,,,Alcohol,,,2014,,% del PIB,% of GDP
Barbados,Barbados,,,,,,,,,Alcohol,,,2015,,% del PIB,% of GDP
Barbados,Barbados,,,,,,,,,Bebidas,,,1990,,% del PIB,% of GDP
Barbados,Barbados,,,,,,,,,Bebidas,,,1991,,% del PIB,% of GDP
Barbados,Barbados,,,,,,,,,Bebidas,,,1992,,% del PIB,% of GDP
Barbados,Barbados,,,,,,,,,Bebidas,,,1993,,% del PIB,% of GDP
Barbados,Barbados,,,,,,,,,Bebidas,,,1994,,% del PIB,% of GDP
Barbados,Barbados,,,,,,,,,Bebidas,,,1995,,% del PIB,% of GDP
Barbados,Barbados,,,,,,,,,Bebidas,,,1996,,% del PIB,% of GDP
Barbados,Barbados,,,,,,,,,Bebidas,,,1997,,% del PIB,% of GDP
Barbados,Barbados,,,,,,,,,Bebidas,,,1998,,% del PIB,% of GDP
Barbados,Barbados,,,,,,,,,Bebidas,,,1999,,% del PIB,% of GDP
Barbados,Barbados,,,,,,,,,Bebidas,,,2000,,% del PIB,% of GDP
Barbados,Barbados,,,,,,,,,Bebidas,,,2001,,% del PIB,% of GDP
Barbados,Barbados,,,,,,,,,Bebidas,,,2002,,% del PIB,% of GDP
Barbados,Barbados,,,,,,,,,Bebidas,,,2003,,% del PIB,% of GDP
Barbados,Barbados,,,,,,,,,Bebidas,,,2004,,% del PIB,% of GDP
Barbados,Barbados,,,,,,,,,Bebidas,,,2005,,% del PIB,% of GDP
Barbados,Barbados,,,,,,,,,Bebidas,,,2006,,% del PIB,% of GDP
Barbados,Barbados,,,,,,,,,Bebidas,,,2007,,% del PIB,% of GDP
Barbados,Barbados,,,,,,,,,Bebidas,,,2008,,% del PIB,% of GDP
Barbados,Barbados,,,,,,,,,Bebidas,,,2009,,% del PIB,% of GDP
Barbados,Barbados,,,,,,,,,Bebidas,,,2010,,% del PIB,% of GDP
Barbados,Barbados,,,,,,,,,Bebidas,,,2011,,% del PIB,% of GDP
Barbados,Barbados,,,,,,,,,Bebidas,,,2012,,% del PIB,% of GDP
Barbados,Barbados,,,,,,,,,Bebidas,,,2013,,% del PIB,% of GDP
Barbados,Barbados,,,,,,,,,Bebidas,,,2014,,% del PIB,% of GDP
Barbados,Barbados,,,,,,,,,Bebidas,,,2015,,% del PIB,% of GDP
Barbados,Barbados,,,,,,,,,Presión Tributaria Equivalente (IMP+CSS),,,1990,24.98,% del PIB,% of GDP
Barbados,Barbados,,,,,,,,,Presión Tributaria Equivalente (IMP+CSS),,,1991,28.73,% del PIB,% of GDP
Barbados,Barbados,,,,,,,,,Presión Tributaria Equivalente (IMP+CSS),,,1992,28.09,% del PIB,% of GDP
Barbados,Barbados,,,,,,,,,Presión Tributaria Equivalente (IMP+CSS),,,1993,27.45,% del PIB,% of GDP
Barbados,Barbados,,,,,,,,,Presión Tributaria Equivalente (IMP+CSS),,,1994,26.99,% del PIB,% of GDP
Barbados,Barbados,,,,,,,,,Presión Tributaria Equivalente (IMP+CSS),,,1995,28.7,% del PIB,% of GDP
Barbados,Barbados,,,,,,,,,Presión Tributaria Equivalente (IMP+CSS),,,1996,27.9,% del PIB,% of GDP
Barbados,Barbados,,,,,,,,,Presión Tributaria Equivalente (IMP+CSS),,,1997,31.49,% del PIB,% of GDP
Barbados,Barbados,,,,,,,,,Presión Tributaria Equivalente (IMP+CSS),,,1998,30,% del PIB,% of GDP
Barbados,Barbados,,,,,,,,,Presión Tributaria Equivalente (IMP+CSS),,,1999,29.86,% del PIB,% of GDP
Barbados,Barbados,,,,,,,,,Presión Tributaria Equivalente (IMP+CSS),,,2000,31.87,% del PIB,% of GDP
Barbados,Barbados,,,,,,,,,Presión Tributaria Equivalente (IMP+CSS),,,2001,32.6,% del PIB,% of GDP
